2025-04-01 11:11:07,096 - INFO - Command executed successfully: powershell -Command Get-MpComputerStatus
2025-04-01 11:11:08,553 - INFO - Command executed successfully: powershell -Command Get-MpThreat
2025-04-01 11:11:08,677 - INFO - Command executed successfully: wmic /namespace:\\root\SecurityCenter2 path AntiVirusProduct get displayName,productState
2025-04-01 11:11:15,428 - ERROR - Task execution failed: 
2025-04-01 11:35:13,767 - INFO - Command executed successfully: powershell -Command Get-MpComputerStatus
2025-04-01 11:35:15,457 - INFO - Command executed successfully: powershell -Command Get-MpThreat
2025-04-01 11:35:15,574 - INFO - Command executed successfully: wmic /namespace:\\root\SecurityCenter2 path AntiVirusProduct get displayName,productState
2025-04-01 11:35:22,008 - ERROR - Task execution failed: 
2025-04-01 11:35:53,735 - INFO - Command executed successfully: powershell -Command Get-MpComputerStatus
2025-04-01 11:35:54,781 - INFO - Command executed successfully: powershell -Command Get-MpThreat
2025-04-01 11:35:54,899 - INFO - Command executed successfully: wmic /namespace:\\root\SecurityCenter2 path AntiVirusProduct get displayName,productState
2025-04-01 11:35:54,899 - INFO - Task 'AV Status' completed: Windows Defender Status:
AntivirusEnabled                 : True
AntivirusSignatureLastUpdated    : 3/31/2025 3:08:32 AM
LastFullScanSource               : 0
LastQuickScanSource              : 2
RealTimeProtectionEnabled        : True

Detected Threats:

Third-Party Antivirus:
Windows Defender  397568
2025-04-01 11:36:18,874 - ERROR - Command 'manage-bde -status' failed: None
2025-04-01 11:36:18,874 - INFO - Task 'BitLocker Status' completed: BitLocker Status:
Error: None
2025-04-01 11:36:43,705 - ERROR - Command 'powershell -Command Start-MpScan -ScanType QuickScan' timed out after 10 seconds
2025-04-01 11:36:43,754 - INFO - Task 'AV Status' completed: Windows Defender Status:
AntivirusEnabled                 : True
AntivirusSignatureLastUpdated    : 3/31/2025 3:08:32 AM
LastFullScanSource               : 0
LastQuickScanSource              : 2
RealTimeProtectionEnabled        : True

Detected Threats:

Third-Party Antivirus:
Windows Defender  397568
Quick scan initiated.
2025-04-01 11:36:45,697 - ERROR - Task execution failed: 
2025-04-01 11:36:54,357 - INFO - Task 'Memory Leak Detector' completed: No significant memory leaks detected.
2025-04-01 11:46:49,465 - INFO - Application terminated.
__main__ 2025-04-03 12:58:02,797 INFO Program requires admin privileges. Requesting UAC elevation.
comtypes._post_coinit.unknwn 2025-04-03 12:58:04,519 DEBUG Calling CoUninitialize()
comtypes._post_coinit.unknwn 2025-04-03 12:58:04,519 DEBUG CoUninitialize() done.
__main__ 2025-04-03 12:58:05,769 INFO Running with administrative privileges.
__main__ 2025-04-03 12:58:05,836 INFO Configuration loaded successfully
__main__ 2025-04-03 12:58:05,836 INFO Starting GUI setup
__main__ 2025-04-03 12:58:05,836 INFO Grid configured
__main__ 2025-04-03 12:58:05,848 INFO Top frame created
__main__ 2025-04-03 12:58:05,855 INFO Search entry added
__main__ 2025-04-03 12:58:05,858 INFO Progress bar and label added
__main__ 2025-04-03 12:58:05,977 INFO Command entry and buttons added
__main__ 2025-04-03 12:58:05,979 INFO Left frame created
__main__ 2025-04-03 12:58:06,002 INFO Favorites display updated successfully
__main__ 2025-04-03 12:58:06,002 INFO Favorites frame added
__main__ 2025-04-03 12:58:06,196 INFO Logs frame added
__main__ 2025-04-03 12:58:06,197 INFO Main frame created
__main__ 2025-04-03 12:58:06,200 INFO Tabview created
__main__ 2025-04-03 12:58:06,200 INFO Categories retrieved: ['Security', 'Monitoring', 'Utility', 'Network', 'Backup', 'Advanced', 'IT Support']
__main__ 2025-04-03 12:58:06,209 INFO Tabs added: ['Security', 'Monitoring', 'Utility', 'Network', 'Backup', 'Advanced', 'IT Support']
__main__ 2025-04-03 12:58:06,209 INFO Categories retrieved: ['Security', 'Monitoring', 'Utility', 'Network', 'Backup', 'Advanced', 'IT Support']
__main__ 2025-04-03 12:58:06,209 INFO Adding buttons to tabs
__main__ 2025-04-03 12:58:06,209 INFO Processing tab: Security
__main__ 2025-04-03 12:58:06,211 INFO Creating button for Generate Key with text: \U0001f511 Generate Key
__main__ 2025-04-03 12:58:06,222 INFO Creating button for Encrypt File with text: \U0001f510 Encrypt File
__main__ 2025-04-03 12:58:06,228 INFO Creating button for Decrypt File with text: \U0001f513 Decrypt File
__main__ 2025-04-03 12:58:06,233 INFO Creating button for Hash File with text: \U0001f4ca Hash File
__main__ 2025-04-03 12:58:06,238 INFO Creating button for AV Status with text: \U0001f6e1\ufe0f AV Status
__main__ 2025-04-03 12:58:06,246 INFO Creating button for Firewall Manager with text: \U0001f525 Firewall Manager
__main__ 2025-04-03 12:58:06,253 INFO Creating button for Startup Items with text: \U0001f680 Startup Items
__main__ 2025-04-03 12:58:06,263 INFO Creating button for Process Manager with text: \u26a0\ufe0f Process Manager
__main__ 2025-04-03 12:58:06,275 INFO Creating button for OTP Generator with text: \U0001f522 OTP Generator
__main__ 2025-04-03 12:58:06,280 INFO Creating button for Shred File with text: \U0001f5d1\ufe0f Shred File
__main__ 2025-04-03 12:58:06,285 INFO Creating button for Vuln Scan with text: \U0001f50d Vuln Scan
__main__ 2025-04-03 12:58:06,291 INFO Creating button for Password Manager with text: \U0001f4aa Password Manager
__main__ 2025-04-03 12:58:06,296 INFO Creating button for Harden Sys with text: \U0001f6e0\ufe0f Harden Sys
__main__ 2025-04-03 12:58:06,301 INFO Creating button for Phishing Detector with text: \U0001f3a3 Phishing Detector
__main__ 2025-04-03 12:58:06,310 INFO Creating button for Malware Scanner with text: \U0001f9a0 Malware Scanner
__main__ 2025-04-03 12:58:06,320 INFO Creating button for BitLocker Status with text: \U0001f512 BitLocker Status
__main__ 2025-04-03 12:58:06,327 INFO Creating button for Secure Boot Check with text: \u2705 Secure Boot Check
__main__ 2025-04-03 12:58:06,329 INFO Creating button for Audit Policy Viewer with text: \U0001f4cb Audit Policy Viewer
__main__ 2025-04-03 12:58:06,334 INFO Creating button for USB Lockdown with text: \U0001f50c USB Lockdown
__main__ 2025-04-03 12:58:06,340 INFO Creating button for Network Intrusion Detection with text: \U0001f575\ufe0f Network Intrusion Detection
__main__ 2025-04-03 12:58:06,351 INFO Creating button for User Activity Logger with text: \U0001f464 User Activity Logger
__main__ 2025-04-03 12:58:06,359 INFO Creating button for Keylogger Detector with text: \u2328\ufe0f Keylogger Detector
__main__ 2025-04-03 12:58:06,363 INFO Creating button for Password Policy Enforcer with text: \U0001f512 Password Policy Enforcer
__main__ 2025-04-03 12:58:06,364 INFO Creating button for Secure File TransferProcess Injection Detector with text: Secure File TransferProcess Injection Detector
__main__ 2025-04-03 12:58:06,365 INFO Creating button for Kernel Driver Enumerator with text: \U0001f6a8 Kernel Driver Enumerator
__main__ 2025-04-03 12:58:06,380 INFO Creating button for Memory Forensics Lite with text: \U0001f9e0 Memory Forensics Lite
__main__ 2025-04-03 12:58:06,392 INFO Creating button for Privilege Escalation Checker with text: \U0001f51d Privilege Escalation Checker
__main__ 2025-04-03 12:58:06,397 INFO Creating button for Process Hollowing Detector with text: \U0001f47b Process Hollowing Detector
__main__ 2025-04-03 12:58:06,409 INFO Added 28 buttons to Security tab
__main__ 2025-04-03 12:58:06,409 INFO Processing tab: Monitoring
__main__ 2025-04-03 12:58:06,411 INFO Creating button for Resource Monitor with text: \U0001f4c8 Resource Monitor
__main__ 2025-04-03 12:58:06,417 INFO Creating button for Service Monitor with text: \U0001f5a5\ufe0f Service Monitor
__main__ 2025-04-03 12:58:06,422 INFO Creating button for Memory Leak Detector with text: \U0001f573\ufe0f Memory Leak Detector
__main__ 2025-04-03 12:58:06,427 INFO Creating button for Real-Time Alerts with text: \U0001f514 Real-Time Alerts
__main__ 2025-04-03 12:58:06,433 INFO Creating button for Process Heatmap with text: \U0001f321\ufe0f Process Heatmap
__main__ 2025-04-03 12:58:06,441 INFO Creating button for Network Latency Graph with text: \U0001f4c9 Network Latency Graph
__main__ 2025-04-03 12:58:06,446 INFO Creating button for CPU Temperature Monitor with text: \U0001f321\ufe0f CPU Temperature Monitor
__main__ 2025-04-03 12:58:06,448 INFO Creating button for Event Log Analyzer with text: \U0001f4ca Event Log Analyzer
__main__ 2025-04-03 12:58:06,449 INFO Creating button for Disk I/O Monitor with text: \U0001f4be Disk I/O Monitor
__main__ 2025-04-03 12:58:06,454 INFO Creating button for System Uptime Tracker with text: \u23f3 System Uptime Tracker
__main__ 2025-04-03 12:58:06,458 INFO Creating button for Alert SchedulerNetwork Connection Anomaly Detector with text: Alert SchedulerNetwork Connection Anomaly Detector
__main__ 2025-04-03 12:58:06,459 INFO Creating button for File System Anomaly Scanner with text: \U0001f4c1\U0001f50d File System Anomaly Scanner
__main__ 2025-04-03 12:58:06,464 INFO Creating button for Service Behavior Profiler with text: \U0001f5a5\ufe0f\U0001f4ca Service Behavior Profiler
__main__ 2025-04-03 12:58:06,466 INFO Creating button for Registry Anomaly Detector with text: \U0001f4c2\U0001f6a8 Registry Anomaly Detector
__main__ 2025-04-03 12:58:06,471 INFO Creating button for Thread Stack Analyzer with text: \U0001f9f5 Thread Stack Analyzer
__main__ 2025-04-03 12:58:06,476 INFO Creating button for System Call Tracer with text: \U0001f4de System Call Tracer
__main__ 2025-04-03 12:58:06,482 INFO Creating button for Dynamic DNS Resolver Monitor with text: \U0001f310\u23f3 Dynamic DNS Resolver Monitor
__main__ 2025-04-03 12:58:06,487 INFO Added 17 buttons to Monitoring tab
matplotlib.pyplot 2025-04-03 12:58:06,494 DEBUG Loaded backend tkagg version 8.6.
PIL.PngImagePlugin 2025-04-03 12:58:06,548 DEBUG STREAM b'IHDR' 16 13
PIL.PngImagePlugin 2025-04-03 12:58:06,548 DEBUG STREAM b'sBIT' 41 4
PIL.PngImagePlugin 2025-04-03 12:58:06,548 DEBUG b'sBIT' 41 4 (unknown)
PIL.PngImagePlugin 2025-04-03 12:58:06,548 DEBUG STREAM b'pHYs' 57 9
PIL.PngImagePlugin 2025-04-03 12:58:06,548 DEBUG STREAM b'IDAT' 78 1189
PIL.PngImagePlugin 2025-04-03 12:58:06,552 DEBUG STREAM b'IHDR' 16 13
PIL.PngImagePlugin 2025-04-03 12:58:06,552 DEBUG STREAM b'sBIT' 41 4
PIL.PngImagePlugin 2025-04-03 12:58:06,552 DEBUG b'sBIT' 41 4 (unknown)
PIL.PngImagePlugin 2025-04-03 12:58:06,552 DEBUG STREAM b'pHYs' 57 9
PIL.PngImagePlugin 2025-04-03 12:58:06,552 DEBUG STREAM b'IDAT' 78 2994
PIL.PngImagePlugin 2025-04-03 12:58:06,558 DEBUG STREAM b'IHDR' 16 13
PIL.PngImagePlugin 2025-04-03 12:58:06,558 DEBUG STREAM b'sBIT' 41 4
PIL.PngImagePlugin 2025-04-03 12:58:06,558 DEBUG b'sBIT' 41 4 (unknown)
PIL.PngImagePlugin 2025-04-03 12:58:06,558 DEBUG STREAM b'pHYs' 57 9
PIL.PngImagePlugin 2025-04-03 12:58:06,558 DEBUG STREAM b'IDAT' 78 696
PIL.PngImagePlugin 2025-04-03 12:58:06,559 DEBUG STREAM b'IHDR' 16 13
PIL.PngImagePlugin 2025-04-03 12:58:06,559 DEBUG STREAM b'sBIT' 41 4
PIL.PngImagePlugin 2025-04-03 12:58:06,559 DEBUG b'sBIT' 41 4 (unknown)
PIL.PngImagePlugin 2025-04-03 12:58:06,559 DEBUG STREAM b'pHYs' 57 9
PIL.PngImagePlugin 2025-04-03 12:58:06,559 DEBUG STREAM b'IDAT' 78 526
PIL.PngImagePlugin 2025-04-03 12:58:06,560 DEBUG STREAM b'IHDR' 16 13
PIL.PngImagePlugin 2025-04-03 12:58:06,560 DEBUG STREAM b'sBIT' 41 4
PIL.PngImagePlugin 2025-04-03 12:58:06,560 DEBUG b'sBIT' 41 4 (unknown)
PIL.PngImagePlugin 2025-04-03 12:58:06,560 DEBUG STREAM b'pHYs' 57 9
PIL.PngImagePlugin 2025-04-03 12:58:06,560 DEBUG STREAM b'IDAT' 78 499
PIL.PngImagePlugin 2025-04-03 12:58:06,561 DEBUG STREAM b'IHDR' 16 13
PIL.PngImagePlugin 2025-04-03 12:58:06,561 DEBUG STREAM b'sBIT' 41 4
PIL.PngImagePlugin 2025-04-03 12:58:06,561 DEBUG b'sBIT' 41 4 (unknown)
PIL.PngImagePlugin 2025-04-03 12:58:06,561 DEBUG STREAM b'pHYs' 57 9
PIL.PngImagePlugin 2025-04-03 12:58:06,561 DEBUG STREAM b'IDAT' 78 673
PIL.PngImagePlugin 2025-04-03 12:58:06,562 DEBUG STREAM b'IHDR' 16 13
PIL.PngImagePlugin 2025-04-03 12:58:06,562 DEBUG STREAM b'sBIT' 41 4
PIL.PngImagePlugin 2025-04-03 12:58:06,563 DEBUG b'sBIT' 41 4 (unknown)
PIL.PngImagePlugin 2025-04-03 12:58:06,563 DEBUG STREAM b'pHYs' 57 9
PIL.PngImagePlugin 2025-04-03 12:58:06,563 DEBUG STREAM b'IDAT' 78 922
PIL.PngImagePlugin 2025-04-03 12:58:06,564 DEBUG STREAM b'IHDR' 16 13
PIL.PngImagePlugin 2025-04-03 12:58:06,564 DEBUG STREAM b'sBIT' 41 4
PIL.PngImagePlugin 2025-04-03 12:58:06,564 DEBUG b'sBIT' 41 4 (unknown)
PIL.PngImagePlugin 2025-04-03 12:58:06,564 DEBUG STREAM b'pHYs' 57 9
PIL.PngImagePlugin 2025-04-03 12:58:06,565 DEBUG STREAM b'IDAT' 78 568
PIL.PngImagePlugin 2025-04-03 12:58:06,565 DEBUG STREAM b'IHDR' 16 13
PIL.PngImagePlugin 2025-04-03 12:58:06,565 DEBUG STREAM b'sBIT' 41 4
PIL.PngImagePlugin 2025-04-03 12:58:06,565 DEBUG b'sBIT' 41 4 (unknown)
PIL.PngImagePlugin 2025-04-03 12:58:06,565 DEBUG STREAM b'pHYs' 57 9
PIL.PngImagePlugin 2025-04-03 12:58:06,566 DEBUG STREAM b'IDAT' 78 626
matplotlib.font_manager 2025-04-03 12:58:06,570 DEBUG findfont: Matching sans\-serif:style=normal:variant=normal:weight=normal:stretch=normal:size=10.0.
matplotlib.font_manager 2025-04-03 12:58:06,570 DEBUG findfont: score(FontEntry(fname='C:\\Users\\STO_Dev\\AppData\\Local\\Programs\\Python\\Python313\\Lib\\site-packages\\matplotlib\\mpl-data\\fonts\\ttf\\DejaVuSansMono-Bold.ttf', name='DejaVu Sans Mono', style='normal', variant='normal', weight=700, stretch='normal', size='scalable')) = 10.335
matplotlib.font_manager 2025-04-03 12:58:06,570 DEBUG findfont: score(FontEntry(fname='C:\\Users\\STO_Dev\\AppData\\Local\\Programs\\Python\\Python313\\Lib\\site-packages\\matplotlib\\mpl-data\\fonts\\ttf\\STIXSizOneSymReg.ttf', name='STIXSizeOneSym', style='normal', variant='normal', weight=400, stretch='normal', size='scalable')) = 10.05
matplotlib.font_manager 2025-04-03 12:58:06,570 DEBUG findfont: score(FontEntry(fname='C:\\Users\\STO_Dev\\AppData\\Local\\Programs\\Python\\Python313\\Lib\\site-packages\\matplotlib\\mpl-data\\fonts\\ttf\\STIXGeneral.ttf', name='STIXGeneral', style='normal', variant='normal', weight=400, stretch='normal', size='scalable')) = 10.05
matplotlib.font_manager 2025-04-03 12:58:06,570 DEBUG findfont: score(FontEntry(fname='C:\\Users\\STO_Dev\\AppData\\Local\\Programs\\Python\\Python313\\Lib\\site-packages\\matplotlib\\mpl-data\\fonts\\ttf\\DejaVuSansDisplay.ttf', name='DejaVu Sans Display', style='normal', variant='normal', weight=400, stretch='normal', size='scalable')) = 10.05
matplotlib.font_manager 2025-04-03 12:58:06,571 DEBUG findfont: score(FontEntry(fname='C:\\Users\\STO_Dev\\AppData\\Local\\Programs\\Python\\Python313\\Lib\\site-packages\\matplotlib\\mpl-data\\fonts\\ttf\\STIXSizFiveSymReg.ttf', name='STIXSizeFiveSym', style='normal', variant='normal', weight=400, stretch='normal', size='scalable')) = 10.05
matplotlib.font_manager 2025-04-03 12:58:06,571 DEBUG findfont: score(FontEntry(fname='C:\\Users\\STO_Dev\\AppData\\Local\\Programs\\Python\\Python313\\Lib\\site-packages\\matplotlib\\mpl-data\\fonts\\ttf\\cmss10.ttf', name='cmss10', style='normal', variant='normal', weight=400, stretch='normal', size='scalable')) = 10.05
matplotlib.font_manager 2025-04-03 12:58:06,571 DEBUG findfont: score(FontEntry(fname='C:\\Users\\STO_Dev\\AppData\\Local\\Programs\\Python\\Python313\\Lib\\site-packages\\matplotlib\\mpl-data\\fonts\\ttf\\STIXSizFourSymReg.ttf', name='STIXSizeFourSym', style='normal', variant='normal', weight=400, stretch='normal', size='scalable')) = 10.05
matplotlib.font_manager 2025-04-03 12:58:06,571 DEBUG findfont: score(FontEntry(fname='C:\\Users\\STO_Dev\\AppData\\Local\\Programs\\Python\\Python313\\Lib\\site-packages\\matplotlib\\mpl-data\\fonts\\ttf\\STIXSizThreeSymBol.ttf', name='STIXSizeThreeSym', style='normal', variant='normal', weight=700, stretch='normal', size='scalable')) = 10.335
matplotlib.font_manager 2025-04-03 12:58:06,571 DEBUG findfont: score(FontEntry(fname='C:\\Users\\STO_Dev\\AppData\\Local\\Programs\\Python\\Python313\\Lib\\site-packages\\matplotlib\\mpl-data\\fonts\\ttf\\cmb10.ttf', name='cmb10', style='normal', variant='normal', weight=400, stretch='normal', size='scalable')) = 10.05
matplotlib.font_manager 2025-04-03 12:58:06,571 DEBUG findfont: score(FontEntry(fname='C:\\Users\\STO_Dev\\AppData\\Local\\Programs\\Python\\Python313\\Lib\\site-packages\\matplotlib\\mpl-data\\fonts\\ttf\\cmmi10.ttf', name='cmmi10', style='normal', variant='normal', weight=400, stretch='normal', size='scalable')) = 10.05
matplotlib.font_manager 2025-04-03 12:58:06,571 DEBUG findfont: score(FontEntry(fname='C:\\Users\\STO_Dev\\AppData\\Local\\Programs\\Python\\Python313\\Lib\\site-packages\\matplotlib\\mpl-data\\fonts\\ttf\\cmex10.ttf', name='cmex10', style='normal', variant='normal', weight=400, stretch='normal', size='scalable')) = 10.05
matplotlib.font_manager 2025-04-03 12:58:06,571 DEBUG findfont: score(FontEntry(fname='C:\\Users\\STO_Dev\\AppData\\Local\\Programs\\Python\\Python313\\Lib\\site-packages\\matplotlib\\mpl-data\\fonts\\ttf\\DejaVuSansMono.ttf', name='DejaVu Sans Mono', style='normal', variant='normal', weight=400, stretch='normal', size='scalable')) = 10.05
matplotlib.font_manager 2025-04-03 12:58:06,571 DEBUG findfont: score(FontEntry(fname='C:\\Users\\STO_Dev\\AppData\\Local\\Programs\\Python\\Python313\\Lib\\site-packages\\matplotlib\\mpl-data\\fonts\\ttf\\STIXSizFourSymBol.ttf', name='STIXSizeFourSym', style='normal', variant='normal', weight=700, stretch='normal', size='scalable')) = 10.335
matplotlib.font_manager 2025-04-03 12:58:06,571 DEBUG findfont: score(FontEntry(fname='C:\\Users\\STO_Dev\\AppData\\Local\\Programs\\Python\\Python313\\Lib\\site-packages\\matplotlib\\mpl-data\\fonts\\ttf\\DejaVuSerif-Bold.ttf', name='DejaVu Serif', style='normal', variant='normal', weight=700, stretch='normal', size='scalable')) = 10.335
matplotlib.font_manager 2025-04-03 12:58:06,571 DEBUG findfont: score(FontEntry(fname='C:\\Users\\STO_Dev\\AppData\\Local\\Programs\\Python\\Python313\\Lib\\site-packages\\matplotlib\\mpl-data\\fonts\\ttf\\DejaVuSerif-BoldItalic.ttf', name='DejaVu Serif', style='italic', variant='normal', weight=700, stretch='normal', size='scalable')) = 11.335
matplotlib.font_manager 2025-04-03 12:58:06,571 DEBUG findfont: score(FontEntry(fname='C:\\Users\\STO_Dev\\AppData\\Local\\Programs\\Python\\Python313\\Lib\\site-packages\\matplotlib\\mpl-data\\fonts\\ttf\\DejaVuSerif-Italic.ttf', name='DejaVu Serif', style='italic', variant='normal', weight=400, stretch='normal', size='scalable')) = 11.05
matplotlib.font_manager 2025-04-03 12:58:06,571 DEBUG findfont: score(FontEntry(fname='C:\\Users\\STO_Dev\\AppData\\Local\\Programs\\Python\\Python313\\Lib\\site-packages\\matplotlib\\mpl-data\\fonts\\ttf\\STIXNonUniBol.ttf', name='STIXNonUnicode', style='normal', variant='normal', weight=700, stretch='normal', size='scalable')) = 10.335
matplotlib.font_manager 2025-04-03 12:58:06,571 DEBUG findfont: score(FontEntry(fname='C:\\Users\\STO_Dev\\AppData\\Local\\Programs\\Python\\Python313\\Lib\\site-packages\\matplotlib\\mpl-data\\fonts\\ttf\\DejaVuSerif.ttf', name='DejaVu Serif', style='normal', variant='normal', weight=400, stretch='normal', size='scalable')) = 10.05
matplotlib.font_manager 2025-04-03 12:58:06,571 DEBUG findfont: score(FontEntry(fname='C:\\Users\\STO_Dev\\AppData\\Local\\Programs\\Python\\Python313\\Lib\\site-packages\\matplotlib\\mpl-data\\fonts\\ttf\\cmr10.ttf', name='cmr10', style='normal', variant='normal', weight=400, stretch='normal', size='scalable')) = 10.05
matplotlib.font_manager 2025-04-03 12:58:06,571 DEBUG findfont: score(FontEntry(fname='C:\\Users\\STO_Dev\\AppData\\Local\\Programs\\Python\\Python313\\Lib\\site-packages\\matplotlib\\mpl-data\\fonts\\ttf\\STIXSizOneSymBol.ttf', name='STIXSizeOneSym', style='normal', variant='normal', weight=700, stretch='normal', size='scalable')) = 10.335
matplotlib.font_manager 2025-04-03 12:58:06,571 DEBUG findfont: score(FontEntry(fname='C:\\Users\\STO_Dev\\AppData\\Local\\Programs\\Python\\Python313\\Lib\\site-packages\\matplotlib\\mpl-data\\fonts\\ttf\\STIXNonUniIta.ttf', name='STIXNonUnicode', style='italic', variant='normal', weight=400, stretch='normal', size='scalable')) = 11.05
matplotlib.font_manager 2025-04-03 12:58:06,571 DEBUG findfont: score(FontEntry(fname='C:\\Users\\STO_Dev\\AppData\\Local\\Programs\\Python\\Python313\\Lib\\site-packages\\matplotlib\\mpl-data\\fonts\\ttf\\STIXSizTwoSymReg.ttf', name='STIXSizeTwoSym', style='normal', variant='normal', weight=400, stretch='normal', size='scalable')) = 10.05
matplotlib.font_manager 2025-04-03 12:58:06,571 DEBUG findfont: score(FontEntry(fname='C:\\Users\\STO_Dev\\AppData\\Local\\Programs\\Python\\Python313\\Lib\\site-packages\\matplotlib\\mpl-data\\fonts\\ttf\\cmsy10.ttf', name='cmsy10', style='normal', variant='normal', weight=400, stretch='normal', size='scalable')) = 10.05
matplotlib.font_manager 2025-04-03 12:58:06,571 DEBUG findfont: score(FontEntry(fname='C:\\Users\\STO_Dev\\AppData\\Local\\Programs\\Python\\Python313\\Lib\\site-packages\\matplotlib\\mpl-data\\fonts\\ttf\\cmtt10.ttf', name='cmtt10', style='normal', variant='normal', weight=400, stretch='normal', size='scalable')) = 10.05
matplotlib.font_manager 2025-04-03 12:58:06,571 DEBUG findfont: score(FontEntry(fname='C:\\Users\\STO_Dev\\AppData\\Local\\Programs\\Python\\Python313\\Lib\\site-packages\\matplotlib\\mpl-data\\fonts\\ttf\\DejaVuSerifDisplay.ttf', name='DejaVu Serif Display', style='normal', variant='normal', weight=400, stretch='normal', size='scalable')) = 10.05
matplotlib.font_manager 2025-04-03 12:58:06,571 DEBUG findfont: score(FontEntry(fname='C:\\Users\\STO_Dev\\AppData\\Local\\Programs\\Python\\Python313\\Lib\\site-packages\\matplotlib\\mpl-data\\fonts\\ttf\\STIXNonUniBolIta.ttf', name='STIXNonUnicode', style='italic', variant='normal', weight=700, stretch='normal', size='scalable')) = 11.335
matplotlib.font_manager 2025-04-03 12:58:06,571 DEBUG findfont: score(FontEntry(fname='C:\\Users\\STO_Dev\\AppData\\Local\\Programs\\Python\\Python313\\Lib\\site-packages\\matplotlib\\mpl-data\\fonts\\ttf\\STIXSizTwoSymBol.ttf', name='STIXSizeTwoSym', style='normal', variant='normal', weight=700, stretch='normal', size='scalable')) = 10.335
matplotlib.font_manager 2025-04-03 12:58:06,571 DEBUG findfont: score(FontEntry(fname='C:\\Users\\STO_Dev\\AppData\\Local\\Programs\\Python\\Python313\\Lib\\site-packages\\matplotlib\\mpl-data\\fonts\\ttf\\DejaVuSansMono-BoldOblique.ttf', name='DejaVu Sans Mono', style='oblique', variant='normal', weight=700, stretch='normal', size='scalable')) = 11.335
matplotlib.font_manager 2025-04-03 12:58:06,571 DEBUG findfont: score(FontEntry(fname='C:\\Users\\STO_Dev\\AppData\\Local\\Programs\\Python\\Python313\\Lib\\site-packages\\matplotlib\\mpl-data\\fonts\\ttf\\DejaVuSansMono-Oblique.ttf', name='DejaVu Sans Mono', style='oblique', variant='normal', weight=400, stretch='normal', size='scalable')) = 11.05
matplotlib.font_manager 2025-04-03 12:58:06,571 DEBUG findfont: score(FontEntry(fname='C:\\Users\\STO_Dev\\AppData\\Local\\Programs\\Python\\Python313\\Lib\\site-packages\\matplotlib\\mpl-data\\fonts\\ttf\\STIXGeneralBol.ttf', name='STIXGeneral', style='normal', variant='normal', weight=700, stretch='normal', size='scalable')) = 10.335
matplotlib.font_manager 2025-04-03 12:58:06,571 DEBUG findfont: score(FontEntry(fname='C:\\Users\\STO_Dev\\AppData\\Local\\Programs\\Python\\Python313\\Lib\\site-packages\\matplotlib\\mpl-data\\fonts\\ttf\\STIXNonUni.ttf', name='STIXNonUnicode', style='normal', variant='normal', weight=400, stretch='normal', size='scalable')) = 10.05
matplotlib.font_manager 2025-04-03 12:58:06,571 DEBUG findfont: score(FontEntry(fname='C:\\Users\\STO_Dev\\AppData\\Local\\Programs\\Python\\Python313\\Lib\\site-packages\\matplotlib\\mpl-data\\fonts\\ttf\\DejaVuSans-Oblique.ttf', name='DejaVu Sans', style='oblique', variant='normal', weight=400, stretch='normal', size='scalable')) = 1.05
matplotlib.font_manager 2025-04-03 12:58:06,571 DEBUG findfont: score(FontEntry(fname='C:\\Users\\STO_Dev\\AppData\\Local\\Programs\\Python\\Python313\\Lib\\site-packages\\matplotlib\\mpl-data\\fonts\\ttf\\DejaVuSans-BoldOblique.ttf', name='DejaVu Sans', style='oblique', variant='normal', weight=700, stretch='normal', size='scalable')) = 1.335
matplotlib.font_manager 2025-04-03 12:58:06,572 DEBUG findfont: score(FontEntry(fname='C:\\Users\\STO_Dev\\AppData\\Local\\Programs\\Python\\Python313\\Lib\\site-packages\\matplotlib\\mpl-data\\fonts\\ttf\\DejaVuSans.ttf', name='DejaVu Sans', style='normal', variant='normal', weight=400, stretch='normal', size='scalable')) = 0.05
matplotlib.font_manager 2025-04-03 12:58:06,572 DEBUG findfont: score(FontEntry(fname='C:\\Users\\STO_Dev\\AppData\\Local\\Programs\\Python\\Python313\\Lib\\site-packages\\matplotlib\\mpl-data\\fonts\\ttf\\DejaVuSans-Bold.ttf', name='DejaVu Sans', style='normal', variant='normal', weight=700, stretch='normal', size='scalable')) = 0.33499999999999996
matplotlib.font_manager 2025-04-03 12:58:06,572 DEBUG findfont: score(FontEntry(fname='C:\\Users\\STO_Dev\\AppData\\Local\\Programs\\Python\\Python313\\Lib\\site-packages\\matplotlib\\mpl-data\\fonts\\ttf\\STIXSizThreeSymReg.ttf', name='STIXSizeThreeSym', style='normal', variant='normal', weight=400, stretch='normal', size='scalable')) = 10.05
matplotlib.font_manager 2025-04-03 12:58:06,572 DEBUG findfont: score(FontEntry(fname='C:\\Users\\STO_Dev\\AppData\\Local\\Programs\\Python\\Python313\\Lib\\site-packages\\matplotlib\\mpl-data\\fonts\\ttf\\STIXGeneralBolIta.ttf', name='STIXGeneral', style='italic', variant='normal', weight=700, stretch='normal', size='scalable')) = 11.335
matplotlib.font_manager 2025-04-03 12:58:06,572 DEBUG findfont: score(FontEntry(fname='C:\\Users\\STO_Dev\\AppData\\Local\\Programs\\Python\\Python313\\Lib\\site-packages\\matplotlib\\mpl-data\\fonts\\ttf\\STIXGeneralItalic.ttf', name='STIXGeneral', style='italic', variant='normal', weight=400, stretch='normal', size='scalable')) = 11.05
matplotlib.font_manager 2025-04-03 12:58:06,572 DEBUG findfont: score(FontEntry(fname='C:\\Windows\\Fonts\\gadugib.ttf', name='Gadugi', style='normal', variant='normal', weight=700, stretch='normal', size='scalable')) = 10.335
matplotlib.font_manager 2025-04-03 12:58:06,572 DEBUG findfont: score(FontEntry(fname='C:\\Windows\\Fonts\\himalaya.ttf', name='Microsoft Himalaya', style='normal', variant='normal', weight=400, stretch='normal', size='scalable')) = 10.05
matplotlib.font_manager 2025-04-03 12:58:06,572 DEBUG findfont: score(FontEntry(fname='C:\\Windows\\Fonts\\LSANSDI.TTF', name='Lucida Sans', style='italic', variant='normal', weight=600, stretch='normal', size='scalable')) = 11.24
matplotlib.font_manager 2025-04-03 12:58:06,572 DEBUG findfont: score(FontEntry(fname='C:\\Windows\\Fonts\\timesi.ttf', name='Times New Roman', style='italic', variant='normal', weight=400, stretch='normal', size='scalable')) = 11.05
matplotlib.font_manager 2025-04-03 12:58:06,572 DEBUG findfont: score(FontEntry(fname='C:\\Windows\\Fonts\\ROCKB.TTF', name='Rockwell', style='normal', variant='normal', weight=700, stretch='normal', size='scalable')) = 10.335
matplotlib.font_manager 2025-04-03 12:58:06,572 DEBUG findfont: score(FontEntry(fname='C:\\Windows\\Fonts\\mmrtext.ttf', name='Myanmar Text', style='normal', variant='normal', weight=400, stretch='normal', size='scalable')) = 10.05
matplotlib.font_manager 2025-04-03 12:58:06,572 DEBUG findfont: score(FontEntry(fname='C:\\Windows\\Fonts\\courbd.ttf', name='Courier New', style='normal', variant='normal', weight=700, stretch='normal', size='scalable')) = 10.335
matplotlib.font_manager 2025-04-03 12:58:06,572 DEBUG findfont: score(FontEntry(fname='C:\\Windows\\Fonts\\BRUSHSCI.TTF', name='Brush Script MT', style='italic', variant='normal', weight=400, stretch='normal', size='scalable')) = 11.05
matplotlib.font_manager 2025-04-03 12:58:06,572 DEBUG findfont: score(FontEntry(fname='C:\\Windows\\Fonts\\BOD_CB.TTF', name='Bodoni MT', style='normal', variant='normal', weight=700, stretch='condensed', size='scalable')) = 10.535
matplotlib.font_manager 2025-04-03 12:58:06,572 DEBUG findfont: score(FontEntry(fname='C:\\Windows\\Fonts\\IMPRISHA.TTF', name='Imprint MT Shadow', style='normal', variant='normal', weight=400, stretch='normal', size='scalable')) = 10.05
matplotlib.font_manager 2025-04-03 12:58:06,572 DEBUG findfont: score(FontEntry(fname='C:\\Windows\\Fonts\\CALISTI.TTF', name='Calisto MT', style='italic', variant='normal', weight=400, stretch='normal', size='scalable')) = 11.05
matplotlib.font_manager 2025-04-03 12:58:06,572 DEBUG findfont: score(FontEntry(fname='C:\\Windows\\Fonts\\FORTE.TTF', name='Forte', style='normal', variant='normal', weight=400, stretch='normal', size='scalable')) = 10.05
matplotlib.font_manager 2025-04-03 12:58:06,572 DEBUG findfont: score(FontEntry(fname='C:\\Windows\\Fonts\\PRISTINA.TTF', name='Pristina', style='normal', variant='normal', weight=400, stretch='normal', size='scalable')) = 10.05
matplotlib.font_manager 2025-04-03 12:58:06,572 DEBUG findfont: score(FontEntry(fname='C:\\Windows\\Fonts\\TCM_____.TTF', name='Tw Cen MT', style='normal', variant='normal', weight=400, stretch='normal', size='scalable')) = 10.05
matplotlib.font_manager 2025-04-03 12:58:06,572 DEBUG findfont: score(FontEntry(fname='C:\\Windows\\Fonts\\LSANS.TTF', name='Lucida Sans', style='normal', variant='normal', weight=400, stretch='normal', size='scalable')) = 10.05
matplotlib.font_manager 2025-04-03 12:58:06,572 DEBUG findfont: score(FontEntry(fname='C:\\Windows\\Fonts\\BKANT.TTF', name='Book Antiqua', style='normal', variant='normal', weight=400, stretch='normal', size='scalable')) = 10.05
matplotlib.font_manager 2025-04-03 12:58:06,572 DEBUG findfont: score(FontEntry(fname='C:\\Windows\\Fonts\\georgiab.ttf', name='Georgia', style='normal', variant='normal', weight=700, stretch='normal', size='scalable')) = 10.335
matplotlib.font_manager 2025-04-03 12:58:06,572 DEBUG findfont: score(FontEntry(fname='C:\\Windows\\Fonts\\RAGE.TTF', name='Rage Italic', style='italic', variant='normal', weight=400, stretch='normal', size='scalable')) = 11.05
matplotlib.font_manager 2025-04-03 12:58:06,572 DEBUG findfont: score(FontEntry(fname='C:\\Windows\\Fonts\\SegUIVar.ttf', name='Segoe UI Variable', style='normal', variant='normal', weight=400, stretch='normal', size='scalable')) = 10.05
matplotlib.font_manager 2025-04-03 12:58:06,572 DEBUG findfont: score(FontEntry(fname='C:\\Windows\\Fonts\\LEELAWAD.TTF', name='Leelawadee', style='normal', variant='normal', weight=400, stretch='normal', size='scalable')) = 10.05
matplotlib.font_manager 2025-04-03 12:58:06,572 DEBUG findfont: score(FontEntry(fname='C:\\Windows\\Fonts\\tahoma.ttf', name='Tahoma', style='normal', variant='normal', weight=400, stretch='normal', size='scalable')) = 10.05
matplotlib.font_manager 2025-04-03 12:58:06,572 DEBUG findfont: score(FontEntry(fname='C:\\Windows\\Fonts\\consolaz.ttf', name='Consolas', style='italic', variant='normal', weight=700, stretch='normal', size='scalable')) = 11.335
matplotlib.font_manager 2025-04-03 12:58:06,572 DEBUG findfont: score(FontEntry(fname='C:\\Windows\\Fonts\\TEMPSITC.TTF', name='Tempus Sans ITC', style='normal', variant='normal', weight=400, stretch='normal', size='scalable')) = 10.05
matplotlib.font_manager 2025-04-03 12:58:06,572 DEBUG findfont: score(FontEntry(fname='C:\\Windows\\Fonts\\malgun.ttf', name='Malgun Gothic', style='normal', variant='normal', weight=400, stretch='normal', size='scalable')) = 10.05
matplotlib.font_manager 2025-04-03 12:58:06,572 DEBUG findfont: score(FontEntry(fname='C:\\Windows\\Fonts\\segoeuib.ttf', name='Segoe UI', style='normal', variant='normal', weight=700, stretch='normal', size='scalable')) = 10.335
matplotlib.font_manager 2025-04-03 12:58:06,573 DEBUG findfont: score(FontEntry(fname='C:\\Windows\\Fonts\\wingding.ttf', name='Wingdings', style='normal', variant='normal', weight=400, stretch='normal', size='scalable')) = 10.05
matplotlib.font_manager 2025-04-03 12:58:06,573 DEBUG findfont: score(FontEntry(fname='C:\\Windows\\Fonts\\BRLNSDB.TTF', name='Berlin Sans FB Demi', style='normal', variant='normal', weight=700, stretch='normal', size='scalable')) = 10.335
matplotlib.font_manager 2025-04-03 12:58:06,573 DEBUG findfont: score(FontEntry(fname='C:\\Windows\\Fonts\\GOUDOS.TTF', name='Goudy Old Style', style='normal', variant='normal', weight=400, stretch='normal', size='scalable')) = 10.05
matplotlib.font_manager 2025-04-03 12:58:06,573 DEBUG findfont: score(FontEntry(fname='C:\\Windows\\Fonts\\ARIALNI.TTF', name='Arial', style='italic', variant='normal', weight=400, stretch='condensed', size='scalable')) = 7.613636363636363
matplotlib.font_manager 2025-04-03 12:58:06,573 DEBUG findfont: score(FontEntry(fname='C:\\Windows\\Fonts\\AGENCYR.TTF', name='Agency FB', style='normal', variant='normal', weight=400, stretch='normal', size='scalable')) = 10.05
matplotlib.font_manager 2025-04-03 12:58:06,573 DEBUG findfont: score(FontEntry(fname='C:\\Windows\\Fonts\\CALIST.TTF', name='Calisto MT', style='normal', variant='normal', weight=400, stretch='normal', size='scalable')) = 10.05
matplotlib.font_manager 2025-04-03 12:58:06,573 DEBUG findfont: score(FontEntry(fname='C:\\Windows\\Fonts\\CASTELAR.TTF', name='Castellar', style='normal', variant='normal', weight=400, stretch='normal', size='scalable')) = 10.05
matplotlib.font_manager 2025-04-03 12:58:06,573 DEBUG findfont: score(FontEntry(fname='C:\\Windows\\Fonts\\HARNGTON.TTF', name='Harrington', style='normal', variant='normal', weight=400, stretch='normal', size='scalable')) = 10.05
matplotlib.font_manager 2025-04-03 12:58:06,573 DEBUG findfont: score(FontEntry(fname='C:\\Windows\\Fonts\\FRABK.TTF', name='Franklin Gothic Book', style='normal', variant='normal', weight=400, stretch='normal', size='scalable')) = 10.05
matplotlib.font_manager 2025-04-03 12:58:06,573 DEBUG findfont: score(FontEntry(fname='C:\\Windows\\Fonts\\seguili.ttf', name='Segoe UI', style='italic', variant='normal', weight=300, stretch='normal', size='scalable')) = 11.145
matplotlib.font_manager 2025-04-03 12:58:06,573 DEBUG findfont: score(FontEntry(fname='C:\\Windows\\Fonts\\STENCIL.TTF', name='Stencil', style='normal', variant='normal', weight=400, stretch='normal', size='scalable')) = 10.05
matplotlib.font_manager 2025-04-03 12:58:06,573 DEBUG findfont: score(FontEntry(fname='C:\\Windows\\Fonts\\GLSNECB.TTF', name='Gill Sans MT Ext Condensed Bold', style='normal', variant='normal', weight=400, stretch='condensed', size='scalable')) = 10.25
matplotlib.font_manager 2025-04-03 12:58:06,573 DEBUG findfont: score(FontEntry(fname='C:\\Windows\\Fonts\\LFAXD.TTF', name='Lucida Fax', style='normal', variant='normal', weight=600, stretch='normal', size='scalable')) = 10.24
matplotlib.font_manager 2025-04-03 12:58:06,573 DEBUG findfont: score(FontEntry(fname='C:\\Windows\\Fonts\\VINERITC.TTF', name='Viner Hand ITC', style='normal', variant='normal', weight=400, stretch='normal', size='scalable')) = 10.05
matplotlib.font_manager 2025-04-03 12:58:06,573 DEBUG findfont: score(FontEntry(fname='C:\\Windows\\Fonts\\msgothic.ttc', name='MS Gothic', style='normal', variant='normal', weight=400, stretch='normal', size='scalable')) = 10.05
matplotlib.font_manager 2025-04-03 12:58:06,573 DEBUG findfont: score(FontEntry(fname='C:\\Windows\\Fonts\\segoescb.ttf', name='Segoe Script', style='normal', variant='normal', weight=700, stretch='normal', size='scalable')) = 10.335
matplotlib.font_manager 2025-04-03 12:58:06,573 DEBUG findfont: score(FontEntry(fname='C:\\Windows\\Fonts\\ERASMD.TTF', name='Eras Medium ITC', style='normal', variant='normal', weight=400, stretch='normal', size='scalable')) = 10.05
matplotlib.font_manager 2025-04-03 12:58:06,573 DEBUG findfont: score(FontEntry(fname='C:\\Windows\\Fonts\\georgiaz.ttf', name='Georgia', style='italic', variant='normal', weight=700, stretch='normal', size='scalable')) = 11.335
matplotlib.font_manager 2025-04-03 12:58:06,573 DEBUG findfont: score(FontEntry(fname='C:\\Windows\\Fonts\\NirmalaB.ttf', name='Nirmala UI', style='normal', variant='normal', weight=700, stretch='normal', size='scalable')) = 10.335
matplotlib.font_manager 2025-04-03 12:58:06,573 DEBUG findfont: score(FontEntry(fname='C:\\Windows\\Fonts\\seguisli.ttf', name='Segoe UI', style='italic', variant='normal', weight=350, stretch='normal', size='scalable')) = 11.0975
matplotlib.font_manager 2025-04-03 12:58:06,573 DEBUG findfont: score(FontEntry(fname='C:\\Windows\\Fonts\\ROCK.TTF', name='Rockwell', style='normal', variant='normal', weight=400, stretch='normal', size='scalable')) = 10.05
matplotlib.font_manager 2025-04-03 12:58:06,573 DEBUG findfont: score(FontEntry(fname='C:\\Windows\\Fonts\\l_10646.ttf', name='Lucida Sans Unicode', style='normal', variant='normal', weight=400, stretch='normal', size='scalable')) = 10.05
matplotlib.font_manager 2025-04-03 12:58:06,573 DEBUG findfont: score(FontEntry(fname='C:\\Windows\\Fonts\\FRADMIT.TTF', name='Franklin Gothic Demi', style='italic', variant='normal', weight=400, stretch='normal', size='scalable')) = 11.05
matplotlib.font_manager 2025-04-03 12:58:06,573 DEBUG findfont: score(FontEntry(fname='C:\\Windows\\Fonts\\ARIALNBI.TTF', name='Arial', style='italic', variant='normal', weight=700, stretch='condensed', size='scalable')) = 7.8986363636363635
matplotlib.font_manager 2025-04-03 12:58:06,573 DEBUG findfont: score(FontEntry(fname='C:\\Windows\\Fonts\\LeelUIsl.ttf', name='Leelawadee UI', style='normal', variant='normal', weight=350, stretch='normal', size='scalable')) = 10.0975
matplotlib.font_manager 2025-04-03 12:58:06,573 DEBUG findfont: score(FontEntry(fname='C:\\Windows\\Fonts\\SCHLBKB.TTF', name='Century Schoolbook', style='normal', variant='normal', weight=700, stretch='normal', size='scalable')) = 10.335
matplotlib.font_manager 2025-04-03 12:58:06,573 DEBUG findfont: score(FontEntry(fname='C:\\Windows\\Fonts\\FELIXTI.TTF', name='Felix Titling', style='normal', variant='normal', weight=400, stretch='normal', size='scalable')) = 10.05
matplotlib.font_manager 2025-04-03 12:58:06,573 DEBUG findfont: score(FontEntry(fname='C:\\Windows\\Fonts\\SimsunExtG.ttf', name='SimSun-ExtG', style='normal', variant='normal', weight=400, stretch='normal', size='scalable')) = 10.05
matplotlib.font_manager 2025-04-03 12:58:06,573 DEBUG findfont: score(FontEntry(fname='C:\\Windows\\Fonts\\GIGI.TTF', name='Gigi', style='normal', variant='normal', weight=400, stretch='normal', size='scalable')) = 10.05
matplotlib.font_manager 2025-04-03 12:58:06,573 DEBUG findfont: score(FontEntry(fname='C:\\Windows\\Fonts\\SansSerifCollection.ttf', name='Sans Serif Collection', style='normal', variant='normal', weight=400, stretch='normal', size='scalable')) = 10.05
matplotlib.font_manager 2025-04-03 12:58:06,573 DEBUG findfont: score(FontEntry(fname='C:\\Windows\\Fonts\\ntailu.ttf', name='Microsoft New Tai Lue', style='normal', variant='normal', weight=400, stretch='normal', size='scalable')) = 10.05
matplotlib.font_manager 2025-04-03 12:58:06,574 DEBUG findfont: score(FontEntry(fname='C:\\Windows\\Fonts\\segoeui.ttf', name='Segoe UI', style='normal', variant='normal', weight=400, stretch='normal', size='scalable')) = 10.05
matplotlib.font_manager 2025-04-03 12:58:06,574 DEBUG findfont: score(FontEntry(fname='C:\\Windows\\Fonts\\BOD_B.TTF', name='Bodoni MT', style='normal', variant='normal', weight=700, stretch='normal', size='scalable')) = 10.335
matplotlib.font_manager 2025-04-03 12:58:06,574 DEBUG findfont: score(FontEntry(fname='C:\\Windows\\Fonts\\ariali.ttf', name='Arial', style='italic', variant='normal', weight=400, stretch='normal', size='scalable')) = 7.413636363636363
matplotlib.font_manager 2025-04-03 12:58:06,574 DEBUG findfont: score(FontEntry(fname='C:\\Windows\\Fonts\\COPRGTB.TTF', name='Copperplate Gothic Bold', style='normal', variant='normal', weight=400, stretch='normal', size='scalable')) = 10.05
matplotlib.font_manager 2025-04-03 12:58:06,574 DEBUG findfont: score(FontEntry(fname='C:\\Windows\\Fonts\\FRADM.TTF', name='Franklin Gothic Demi', style='normal', variant='normal', weight=400, stretch='normal', size='scalable')) = 10.05
matplotlib.font_manager 2025-04-03 12:58:06,574 DEBUG findfont: score(FontEntry(fname='C:\\Windows\\Fonts\\DUBAI-LIGHT.TTF', name='Dubai', style='normal', variant='normal', weight=300, stretch='normal', size='scalable')) = 10.145
matplotlib.font_manager 2025-04-03 12:58:06,574 DEBUG findfont: score(FontEntry(fname='C:\\Windows\\Fonts\\NIAGENG.TTF', name='Niagara Engraved', style='normal', variant='normal', weight=400, stretch='normal', size='scalable')) = 10.05
matplotlib.font_manager 2025-04-03 12:58:06,574 DEBUG findfont: score(FontEntry(fname='C:\\Windows\\Fonts\\CALIFB.TTF', name='Californian FB', style='normal', variant='normal', weight=700, stretch='normal', size='scalable')) = 10.335
matplotlib.font_manager 2025-04-03 12:58:06,574 DEBUG findfont: score(FontEntry(fname='C:\\Windows\\Fonts\\PARCHM.TTF', name='Parchment', style='normal', variant='normal', weight=400, stretch='normal', size='scalable')) = 10.05
matplotlib.font_manager 2025-04-03 12:58:06,574 DEBUG findfont: score(FontEntry(fname='C:\\Windows\\Fonts\\JOKERMAN.TTF', name='Jokerman', style='normal', variant='normal', weight=400, stretch='normal', size='scalable')) = 10.05
matplotlib.font_manager 2025-04-03 12:58:06,574 DEBUG findfont: score(FontEntry(fname='C:\\Windows\\Fonts\\MSUIGHUB.TTF', name='Microsoft Uighur', style='normal', variant='normal', weight=700, stretch='normal', size='scalable')) = 10.335
matplotlib.font_manager 2025-04-03 12:58:06,574 DEBUG findfont: score(FontEntry(fname='C:\\Windows\\Fonts\\msjhl.ttc', name='Microsoft JhengHei', style='normal', variant='normal', weight=290, stretch='normal', size='scalable')) = 10.1545
matplotlib.font_manager 2025-04-03 12:58:06,574 DEBUG findfont: score(FontEntry(fname='C:\\Windows\\Fonts\\YuGothM.ttc', name='Yu Gothic', style='normal', variant='normal', weight=500, stretch='normal', size='scalable')) = 10.145
matplotlib.font_manager 2025-04-03 12:58:06,574 DEBUG findfont: score(FontEntry(fname='C:\\Windows\\Fonts\\PERI____.TTF', name='Perpetua', style='italic', variant='normal', weight=400, stretch='normal', size='scalable')) = 11.05
matplotlib.font_manager 2025-04-03 12:58:06,574 DEBUG findfont: score(FontEntry(fname='C:\\Windows\\Fonts\\corbelli.ttf', name='Corbel', style='italic', variant='normal', weight=300, stretch='normal', size='scalable')) = 11.145
matplotlib.font_manager 2025-04-03 12:58:06,574 DEBUG findfont: score(FontEntry(fname='C:\\Windows\\Fonts\\Candaral.ttf', name='Candara', style='normal', variant='normal', weight=400, stretch='normal', size='scalable')) = 10.05
matplotlib.font_manager 2025-04-03 12:58:06,574 DEBUG findfont: score(FontEntry(fname='C:\\Windows\\Fonts\\Candarai.ttf', name='Candara', style='italic', variant='normal', weight=400, stretch='normal', size='scalable')) = 11.05
matplotlib.font_manager 2025-04-03 12:58:06,574 DEBUG findfont: score(FontEntry(fname='C:\\Windows\\Fonts\\monbaiti.ttf', name='Mongolian Baiti', style='normal', variant='normal', weight=400, stretch='normal', size='scalable')) = 10.05
matplotlib.font_manager 2025-04-03 12:58:06,574 DEBUG findfont: score(FontEntry(fname='C:\\Windows\\Fonts\\DUBAI-BOLD.TTF', name='Dubai', style='normal', variant='normal', weight=700, stretch='normal', size='scalable')) = 10.335
matplotlib.font_manager 2025-04-03 12:58:06,574 DEBUG findfont: score(FontEntry(fname='C:\\Windows\\Fonts\\palab.ttf', name='Palatino Linotype', style='normal', variant='normal', weight=700, stretch='normal', size='scalable')) = 10.335
matplotlib.font_manager 2025-04-03 12:58:06,574 DEBUG findfont: score(FontEntry(fname='C:\\Windows\\Fonts\\Candarab.ttf', name='Candara', style='normal', variant='normal', weight=700, stretch='normal', size='scalable')) = 10.335
matplotlib.font_manager 2025-04-03 12:58:06,574 DEBUG findfont: score(FontEntry(fname='C:\\Windows\\Fonts\\ROCKBI.TTF', name='Rockwell', style='italic', variant='normal', weight=700, stretch='normal', size='scalable')) = 11.335
matplotlib.font_manager 2025-04-03 12:58:06,574 DEBUG findfont: score(FontEntry(fname='C:\\Windows\\Fonts\\ANTQUAI.TTF', name='Book Antiqua', style='italic', variant='normal', weight=400, stretch='normal', size='scalable')) = 11.05
matplotlib.font_manager 2025-04-03 12:58:06,574 DEBUG findfont: score(FontEntry(fname='C:\\Windows\\Fonts\\TCCB____.TTF', name='Tw Cen MT Condensed', style='normal', variant='normal', weight=700, stretch='condensed', size='scalable')) = 10.535
matplotlib.font_manager 2025-04-03 12:58:06,574 DEBUG findfont: score(FontEntry(fname='C:\\Windows\\Fonts\\VLADIMIR.TTF', name='Vladimir Script', style='normal', variant='normal', weight=400, stretch='normal', size='scalable')) = 10.05
matplotlib.font_manager 2025-04-03 12:58:06,574 DEBUG findfont: score(FontEntry(fname='C:\\Windows\\Fonts\\REFSAN.TTF', name='MS Reference Sans Serif', style='normal', variant='normal', weight=400, stretch='normal', size='scalable')) = 10.05
matplotlib.font_manager 2025-04-03 12:58:06,574 DEBUG findfont: score(FontEntry(fname='C:\\Windows\\Fonts\\corbel.ttf', name='Corbel', style='normal', variant='normal', weight=400, stretch='normal', size='scalable')) = 10.05
matplotlib.font_manager 2025-04-03 12:58:06,574 DEBUG findfont: score(FontEntry(fname='C:\\Windows\\Fonts\\constan.ttf', name='Constantia', style='normal', variant='normal', weight=400, stretch='normal', size='scalable')) = 10.05
matplotlib.font_manager 2025-04-03 12:58:06,574 DEBUG findfont: score(FontEntry(fname='C:\\Windows\\Fonts\\seguisbi.ttf', name='Segoe UI', style='italic', variant='normal', weight=600, stretch='normal', size='scalable')) = 11.24
matplotlib.font_manager 2025-04-03 12:58:06,574 DEBUG findfont: score(FontEntry(fname='C:\\Windows\\Fonts\\LTYPEBO.TTF', name='Lucida Sans Typewriter', style='oblique', variant='normal', weight=600, stretch='normal', size='scalable')) = 11.24
matplotlib.font_manager 2025-04-03 12:58:06,574 DEBUG findfont: score(FontEntry(fname='C:\\Windows\\Fonts\\ebrima.ttf', name='Ebrima', style='normal', variant='normal', weight=400, stretch='normal', size='scalable')) = 10.05
matplotlib.font_manager 2025-04-03 12:58:06,575 DEBUG findfont: score(FontEntry(fname='C:\\Windows\\Fonts\\ARLRDBD.TTF', name='Arial Rounded MT Bold', style='normal', variant='normal', weight=400, stretch='normal', size='scalable')) = 10.05
matplotlib.font_manager 2025-04-03 12:58:06,575 DEBUG findfont: score(FontEntry(fname='C:\\Windows\\Fonts\\BOD_CR.TTF', name='Bodoni MT', style='normal', variant='normal', weight=400, stretch='condensed', size='scalable')) = 10.25
matplotlib.font_manager 2025-04-03 12:58:06,575 DEBUG findfont: score(FontEntry(fname='C:\\Windows\\Fonts\\HTOWERT.TTF', name='High Tower Text', style='normal', variant='normal', weight=400, stretch='normal', size='scalable')) = 10.05
matplotlib.font_manager 2025-04-03 12:58:06,575 DEBUG findfont: score(FontEntry(fname='C:\\Windows\\Fonts\\ELEPHNTI.TTF', name='Elephant', style='italic', variant='normal', weight=400, stretch='normal', size='scalable')) = 11.05
matplotlib.font_manager 2025-04-03 12:58:06,575 DEBUG findfont: score(FontEntry(fname='C:\\Windows\\Fonts\\WINGDNG2.TTF', name='Wingdings 2', style='normal', variant='normal', weight=400, stretch='normal', size='scalable')) = 10.05
matplotlib.font_manager 2025-04-03 12:58:06,575 DEBUG findfont: score(FontEntry(fname='C:\\Windows\\Fonts\\trebuc.ttf', name='Trebuchet MS', style='normal', variant='normal', weight=400, stretch='normal', size='scalable')) = 10.05
matplotlib.font_manager 2025-04-03 12:58:06,575 DEBUG findfont: score(FontEntry(fname='C:\\Windows\\Fonts\\couri.ttf', name='Courier New', style='italic', variant='normal', weight=400, stretch='normal', size='scalable')) = 11.05
matplotlib.font_manager 2025-04-03 12:58:06,575 DEBUG findfont: score(FontEntry(fname='C:\\Windows\\Fonts\\WINGDNG3.TTF', name='Wingdings 3', style='normal', variant='normal', weight=400, stretch='normal', size='scalable')) = 10.05
matplotlib.font_manager 2025-04-03 12:58:06,575 DEBUG findfont: score(FontEntry(fname='C:\\Windows\\Fonts\\corbeli.ttf', name='Corbel', style='italic', variant='normal', weight=400, stretch='normal', size='scalable')) = 11.05
matplotlib.font_manager 2025-04-03 12:58:06,575 DEBUG findfont: score(FontEntry(fname='C:\\Windows\\Fonts\\palabi.ttf', name='Palatino Linotype', style='italic', variant='normal', weight=700, stretch='normal', size='scalable')) = 11.335
matplotlib.font_manager 2025-04-03 12:58:06,575 DEBUG findfont: score(FontEntry(fname='C:\\Windows\\Fonts\\NirmalaS.ttf', name='Nirmala UI', style='normal', variant='normal', weight=350, stretch='normal', size='scalable')) = 10.0975
matplotlib.font_manager 2025-04-03 12:58:06,575 DEBUG findfont: score(FontEntry(fname='C:\\Windows\\Fonts\\ariblk.ttf', name='Arial', style='normal', variant='normal', weight=900, stretch='normal', size='scalable')) = 6.888636363636364
matplotlib.font_manager 2025-04-03 12:58:06,575 DEBUG findfont: score(FontEntry(fname='C:\\Windows\\Fonts\\segoeuisl.ttf', name='Segoe UI', style='normal', variant='normal', weight=350, stretch='normal', size='scalable')) = 10.0975
matplotlib.font_manager 2025-04-03 12:58:06,575 DEBUG findfont: score(FontEntry(fname='C:\\Windows\\Fonts\\PER_____.TTF', name='Perpetua', style='normal', variant='normal', weight=400, stretch='normal', size='scalable')) = 10.05
matplotlib.font_manager 2025-04-03 12:58:06,575 DEBUG findfont: score(FontEntry(fname='C:\\Windows\\Fonts\\FTLTLT.TTF', name='Footlight MT Light', style='normal', variant='normal', weight=300, stretch='normal', size='scalable')) = 10.145
matplotlib.font_manager 2025-04-03 12:58:06,575 DEBUG findfont: score(FontEntry(fname='C:\\Windows\\Fonts\\BOD_BLAR.TTF', name='Bodoni MT', style='normal', variant='normal', weight=900, stretch='normal', size='scalable')) = 10.525
matplotlib.font_manager 2025-04-03 12:58:06,575 DEBUG findfont: score(FontEntry(fname='C:\\Windows\\Fonts\\segoeuiz.ttf', name='Segoe UI', style='italic', variant='normal', weight=700, stretch='normal', size='scalable')) = 11.335
matplotlib.font_manager 2025-04-03 12:58:06,575 DEBUG findfont: score(FontEntry(fname='C:\\Windows\\Fonts\\verdana.ttf', name='Verdana', style='normal', variant='normal', weight=400, stretch='normal', size='scalable')) = 3.6863636363636365
matplotlib.font_manager 2025-04-03 12:58:06,575 DEBUG findfont: score(FontEntry(fname='C:\\Windows\\Fonts\\TCMI____.TTF', name='Tw Cen MT', style='italic', variant='normal', weight=400, stretch='normal', size='scalable')) = 11.05
matplotlib.font_manager 2025-04-03 12:58:06,575 DEBUG findfont: score(FontEntry(fname='C:\\Windows\\Fonts\\LCALLIG.TTF', name='Lucida Calligraphy', style='italic', variant='normal', weight=400, stretch='normal', size='scalable')) = 11.05
matplotlib.font_manager 2025-04-03 12:58:06,575 DEBUG findfont: score(FontEntry(fname='C:\\Windows\\Fonts\\BRLNSB.TTF', name='Berlin Sans FB', style='normal', variant='normal', weight=700, stretch='normal', size='scalable')) = 10.335
matplotlib.font_manager 2025-04-03 12:58:06,575 DEBUG findfont: score(FontEntry(fname='C:\\Windows\\Fonts\\courbi.ttf', name='Courier New', style='italic', variant='normal', weight=700, stretch='normal', size='scalable')) = 11.335
matplotlib.font_manager 2025-04-03 12:58:06,575 DEBUG findfont: score(FontEntry(fname='C:\\Windows\\Fonts\\phagspa.ttf', name='Microsoft PhagsPa', style='normal', variant='normal', weight=400, stretch='normal', size='scalable')) = 10.05
matplotlib.font_manager 2025-04-03 12:58:06,575 DEBUG findfont: score(FontEntry(fname='C:\\Windows\\Fonts\\seguisb.ttf', name='Segoe UI', style='normal', variant='normal', weight=600, stretch='normal', size='scalable')) = 10.24
matplotlib.font_manager 2025-04-03 12:58:06,575 DEBUG findfont: score(FontEntry(fname='C:\\Windows\\Fonts\\taile.ttf', name='Microsoft Tai Le', style='normal', variant='normal', weight=400, stretch='normal', size='scalable')) = 10.05
matplotlib.font_manager 2025-04-03 12:58:06,575 DEBUG findfont: score(FontEntry(fname='C:\\Windows\\Fonts\\holomdl2.ttf', name='HoloLens MDL2 Assets', style='normal', variant='normal', weight=400, stretch='normal', size='scalable')) = 10.05
matplotlib.font_manager 2025-04-03 12:58:06,575 DEBUG findfont: score(FontEntry(fname='C:\\Windows\\Fonts\\FRSCRIPT.TTF', name='French Script MT', style='normal', variant='normal', weight=400, stretch='normal', size='scalable')) = 10.05
matplotlib.font_manager 2025-04-03 12:58:06,575 DEBUG findfont: score(FontEntry(fname='C:\\Windows\\Fonts\\LeelawUI.ttf', name='Leelawadee UI', style='normal', variant='normal', weight=400, stretch='normal', size='scalable')) = 10.05
matplotlib.font_manager 2025-04-03 12:58:06,575 DEBUG findfont: score(FontEntry(fname='C:\\Windows\\Fonts\\segoepr.ttf', name='Segoe Print', style='normal', variant='normal', weight=400, stretch='normal', size='scalable')) = 10.05
matplotlib.font_manager 2025-04-03 12:58:06,575 DEBUG findfont: score(FontEntry(fname='C:\\Windows\\Fonts\\tahomabd.ttf', name='Tahoma', style='normal', variant='normal', weight=700, stretch='normal', size='scalable')) = 10.335
matplotlib.font_manager 2025-04-03 12:58:06,576 DEBUG findfont: score(FontEntry(fname='C:\\Windows\\Fonts\\GARABD.TTF', name='Garamond', style='normal', variant='normal', weight=700, stretch='normal', size='scalable')) = 10.335
matplotlib.font_manager 2025-04-03 12:58:06,576 DEBUG findfont: score(FontEntry(fname='C:\\Windows\\Fonts\\ONYX.TTF', name='Onyx', style='normal', variant='normal', weight=400, stretch='normal', size='scalable')) = 10.05
matplotlib.font_manager 2025-04-03 12:58:06,576 DEBUG findfont: score(FontEntry(fname='C:\\Windows\\Fonts\\HTOWERTI.TTF', name='High Tower Text', style='italic', variant='normal', weight=400, stretch='normal', size='scalable')) = 11.05
matplotlib.font_manager 2025-04-03 12:58:06,576 DEBUG findfont: score(FontEntry(fname='C:\\Windows\\Fonts\\LTYPEO.TTF', name='Lucida Sans Typewriter', style='oblique', variant='normal', weight=400, stretch='normal', size='scalable')) = 11.05
matplotlib.font_manager 2025-04-03 12:58:06,576 DEBUG findfont: score(FontEntry(fname='C:\\Windows\\Fonts\\NIAGSOL.TTF', name='Niagara Solid', style='normal', variant='normal', weight=400, stretch='normal', size='scalable')) = 10.05
matplotlib.font_manager 2025-04-03 12:58:06,576 DEBUG findfont: score(FontEntry(fname='C:\\Windows\\Fonts\\GILC____.TTF', name='Gill Sans MT Condensed', style='normal', variant='normal', weight=400, stretch='condensed', size='scalable')) = 10.25
matplotlib.font_manager 2025-04-03 12:58:06,576 DEBUG findfont: score(FontEntry(fname='C:\\Windows\\Fonts\\SHOWG.TTF', name='Showcard Gothic', style='normal', variant='normal', weight=400, stretch='normal', size='scalable')) = 10.05
matplotlib.font_manager 2025-04-03 12:58:06,576 DEBUG findfont: score(FontEntry(fname='C:\\Windows\\Fonts\\calibrib.ttf', name='Calibri', style='normal', variant='normal', weight=700, stretch='normal', size='scalable')) = 10.335
matplotlib.font_manager 2025-04-03 12:58:06,576 DEBUG findfont: score(FontEntry(fname='C:\\Windows\\Fonts\\SegoeIcons.ttf', name='Segoe Fluent Icons', style='normal', variant='normal', weight=400, stretch='normal', size='scalable')) = 10.05
matplotlib.font_manager 2025-04-03 12:58:06,576 DEBUG findfont: score(FontEntry(fname='C:\\Windows\\Fonts\\LFAX.TTF', name='Lucida Fax', style='normal', variant='normal', weight=400, stretch='normal', size='scalable')) = 10.05
matplotlib.font_manager 2025-04-03 12:58:06,576 DEBUG findfont: score(FontEntry(fname='C:\\Windows\\Fonts\\ebrimabd.ttf', name='Ebrima', style='normal', variant='normal', weight=700, stretch='normal', size='scalable')) = 10.335
matplotlib.font_manager 2025-04-03 12:58:06,576 DEBUG findfont: score(FontEntry(fname='C:\\Windows\\Fonts\\ITCEDSCR.TTF', name='Edwardian Script ITC', style='normal', variant='normal', weight=400, stretch='normal', size='scalable')) = 10.05
matplotlib.font_manager 2025-04-03 12:58:06,576 DEBUG findfont: score(FontEntry(fname='C:\\Windows\\Fonts\\GOTHIC.TTF', name='Century Gothic', style='normal', variant='normal', weight=400, stretch='normal', size='scalable')) = 10.05
matplotlib.font_manager 2025-04-03 12:58:06,576 DEBUG findfont: score(FontEntry(fname='C:\\Windows\\Fonts\\arial.ttf', name='Arial', style='normal', variant='normal', weight=400, stretch='normal', size='scalable')) = 6.413636363636363
matplotlib.font_manager 2025-04-03 12:58:06,576 DEBUG findfont: score(FontEntry(fname='C:\\Windows\\Fonts\\cambriab.ttf', name='Cambria', style='normal', variant='normal', weight=700, stretch='normal', size='scalable')) = 10.335
matplotlib.font_manager 2025-04-03 12:58:06,576 DEBUG findfont: score(FontEntry(fname='C:\\Windows\\Fonts\\BELLB.TTF', name='Bell MT', style='normal', variant='normal', weight=700, stretch='normal', size='scalable')) = 10.335
matplotlib.font_manager 2025-04-03 12:58:06,576 DEBUG findfont: score(FontEntry(fname='C:\\Windows\\Fonts\\ERASLGHT.TTF', name='Eras Light ITC', style='normal', variant='normal', weight=400, stretch='normal', size='scalable')) = 10.05
matplotlib.font_manager 2025-04-03 12:58:06,576 DEBUG findfont: score(FontEntry(fname='C:\\Windows\\Fonts\\GOTHICI.TTF', name='Century Gothic', style='italic', variant='normal', weight=400, stretch='normal', size='scalable')) = 11.05
matplotlib.font_manager 2025-04-03 12:58:06,576 DEBUG findfont: score(FontEntry(fname='C:\\Windows\\Fonts\\consolai.ttf', name='Consolas', style='italic', variant='normal', weight=400, stretch='normal', size='scalable')) = 11.05
matplotlib.font_manager 2025-04-03 12:58:06,576 DEBUG findfont: score(FontEntry(fname='C:\\Windows\\Fonts\\micross.ttf', name='Microsoft Sans Serif', style='normal', variant='normal', weight=400, stretch='normal', size='scalable')) = 10.05
matplotlib.font_manager 2025-04-03 12:58:06,576 DEBUG findfont: score(FontEntry(fname='C:\\Windows\\Fonts\\LBRITEI.TTF', name='Lucida Bright', style='italic', variant='normal', weight=400, stretch='normal', size='scalable')) = 11.05
matplotlib.font_manager 2025-04-03 12:58:06,576 DEBUG findfont: score(FontEntry(fname='C:\\Windows\\Fonts\\LBRITEDI.TTF', name='Lucida Bright', style='italic', variant='normal', weight=600, stretch='normal', size='scalable')) = 11.24
matplotlib.font_manager 2025-04-03 12:58:06,576 DEBUG findfont: score(FontEntry(fname='C:\\Windows\\Fonts\\BRLNSR.TTF', name='Berlin Sans FB', style='normal', variant='normal', weight=400, stretch='normal', size='scalable')) = 10.05
matplotlib.font_manager 2025-04-03 12:58:06,576 DEBUG findfont: score(FontEntry(fname='C:\\Windows\\Fonts\\webdings.ttf', name='Webdings', style='normal', variant='normal', weight=400, stretch='normal', size='scalable')) = 10.05
matplotlib.font_manager 2025-04-03 12:58:06,576 DEBUG findfont: score(FontEntry(fname='C:\\Windows\\Fonts\\mvboli.ttf', name='MV Boli', style='normal', variant='normal', weight=400, stretch='normal', size='scalable')) = 10.05
matplotlib.font_manager 2025-04-03 12:58:06,576 DEBUG findfont: score(FontEntry(fname='C:\\Windows\\Fonts\\msyhl.ttc', name='Microsoft YaHei', style='normal', variant='normal', weight=290, stretch='normal', size='scalable')) = 10.1545
matplotlib.font_manager 2025-04-03 12:58:06,576 DEBUG findfont: score(FontEntry(fname='C:\\Windows\\Fonts\\palai.ttf', name='Palatino Linotype', style='italic', variant='normal', weight=400, stretch='normal', size='scalable')) = 11.05
matplotlib.font_manager 2025-04-03 12:58:06,576 DEBUG findfont: score(FontEntry(fname='C:\\Windows\\Fonts\\GIL_____.TTF', name='Gill Sans MT', style='normal', variant='normal', weight=400, stretch='normal', size='scalable')) = 10.05
matplotlib.font_manager 2025-04-03 12:58:06,576 DEBUG findfont: score(FontEntry(fname='C:\\Windows\\Fonts\\cambriai.ttf', name='Cambria', style='italic', variant='normal', weight=400, stretch='normal', size='scalable')) = 11.05
matplotlib.font_manager 2025-04-03 12:58:06,576 DEBUG findfont: score(FontEntry(fname='C:\\Windows\\Fonts\\comicbd.ttf', name='Comic Sans MS', style='normal', variant='normal', weight=700, stretch='normal', size='scalable')) = 10.335
matplotlib.font_manager 2025-04-03 12:58:06,576 DEBUG findfont: score(FontEntry(fname='C:\\Windows\\Fonts\\symbol.ttf', name='Symbol', style='normal', variant='normal', weight=400, stretch='normal', size='scalable')) = 10.05
matplotlib.font_manager 2025-04-03 12:58:06,576 DEBUG findfont: score(FontEntry(fname='C:\\Windows\\Fonts\\GARAIT.TTF', name='Garamond', style='italic', variant='normal', weight=400, stretch='normal', size='scalable')) = 11.05
matplotlib.font_manager 2025-04-03 12:58:06,577 DEBUG findfont: score(FontEntry(fname='C:\\Windows\\Fonts\\BOD_BLAI.TTF', name='Bodoni MT', style='italic', variant='normal', weight=900, stretch='normal', size='scalable')) = 11.525
matplotlib.font_manager 2025-04-03 12:58:06,577 DEBUG findfont: score(FontEntry(fname='C:\\Windows\\Fonts\\seguihis.ttf', name='Segoe UI Historic', style='normal', variant='normal', weight=400, stretch='normal', size='scalable')) = 10.05
matplotlib.font_manager 2025-04-03 12:58:06,577 DEBUG findfont: score(FontEntry(fname='C:\\Windows\\Fonts\\GLECB.TTF', name='Gloucester MT Extra Condensed', style='normal', variant='normal', weight=400, stretch='condensed', size='scalable')) = 10.25
matplotlib.font_manager 2025-04-03 12:58:06,577 DEBUG findfont: score(FontEntry(fname='C:\\Windows\\Fonts\\BOOKOSB.TTF', name='Bookman Old Style', style='normal', variant='normal', weight=600, stretch='normal', size='scalable')) = 10.24
matplotlib.font_manager 2025-04-03 12:58:06,577 DEBUG findfont: score(FontEntry(fname='C:\\Windows\\Fonts\\BOD_I.TTF', name='Bodoni MT', style='italic', variant='normal', weight=400, stretch='normal', size='scalable')) = 11.05
matplotlib.font_manager 2025-04-03 12:58:06,577 DEBUG findfont: score(FontEntry(fname='C:\\Windows\\Fonts\\trebucbd.ttf', name='Trebuchet MS', style='normal', variant='normal', weight=700, stretch='normal', size='scalable')) = 10.335
matplotlib.font_manager 2025-04-03 12:58:06,577 DEBUG findfont: score(FontEntry(fname='C:\\Windows\\Fonts\\TCB_____.TTF', name='Tw Cen MT', style='normal', variant='normal', weight=700, stretch='normal', size='scalable')) = 10.335
matplotlib.font_manager 2025-04-03 12:58:06,577 DEBUG findfont: score(FontEntry(fname='C:\\Windows\\Fonts\\FRAHV.TTF', name='Franklin Gothic Heavy', style='normal', variant='normal', weight=400, stretch='normal', size='scalable')) = 10.05
matplotlib.font_manager 2025-04-03 12:58:06,577 DEBUG findfont: score(FontEntry(fname='C:\\Windows\\Fonts\\msyhbd.ttc', name='Microsoft YaHei', style='normal', variant='normal', weight=700, stretch='normal', size='scalable')) = 10.335
matplotlib.font_manager 2025-04-03 12:58:06,577 DEBUG findfont: score(FontEntry(fname='C:\\Windows\\Fonts\\ENGR.TTF', name='Engravers MT', style='normal', variant='normal', weight=500, stretch='normal', size='scalable')) = 10.145
matplotlib.font_manager 2025-04-03 12:58:06,577 DEBUG findfont: score(FontEntry(fname='C:\\Windows\\Fonts\\GOUDOSB.TTF', name='Goudy Old Style', style='normal', variant='normal', weight=700, stretch='normal', size='scalable')) = 10.335
matplotlib.font_manager 2025-04-03 12:58:06,577 DEBUG findfont: score(FontEntry(fname='C:\\Windows\\Fonts\\SitkaVF-Italic.ttf', name='Sitka', style='italic', variant='normal', weight=400, stretch='normal', size='scalable')) = 11.05
matplotlib.font_manager 2025-04-03 12:58:06,577 DEBUG findfont: score(FontEntry(fname='C:\\Windows\\Fonts\\LBRITED.TTF', name='Lucida Bright', style='normal', variant='normal', weight=600, stretch='normal', size='scalable')) = 10.24
matplotlib.font_manager 2025-04-03 12:58:06,577 DEBUG findfont: score(FontEntry(fname='C:\\Windows\\Fonts\\LTYPE.TTF', name='Lucida Sans Typewriter', style='normal', variant='normal', weight=400, stretch='normal', size='scalable')) = 10.05
matplotlib.font_manager 2025-04-03 12:58:06,577 DEBUG findfont: score(FontEntry(fname='C:\\Windows\\Fonts\\timesbd.ttf', name='Times New Roman', style='normal', variant='normal', weight=700, stretch='normal', size='scalable')) = 10.335
matplotlib.font_manager 2025-04-03 12:58:06,577 DEBUG findfont: score(FontEntry(fname='C:\\Windows\\Fonts\\LBRITE.TTF', name='Lucida Bright', style='normal', variant='normal', weight=400, stretch='normal', size='scalable')) = 10.05
matplotlib.font_manager 2025-04-03 12:58:06,577 DEBUG findfont: score(FontEntry(fname='C:\\Windows\\Fonts\\LSANSD.TTF', name='Lucida Sans', style='normal', variant='normal', weight=600, stretch='normal', size='scalable')) = 10.24
matplotlib.font_manager 2025-04-03 12:58:06,577 DEBUG findfont: score(FontEntry(fname='C:\\Windows\\Fonts\\GARA.TTF', name='Garamond', style='normal', variant='normal', weight=400, stretch='normal', size='scalable')) = 10.05
matplotlib.font_manager 2025-04-03 12:58:06,577 DEBUG findfont: score(FontEntry(fname='C:\\Windows\\Fonts\\LeelaUIb.ttf', name='Leelawadee UI', style='normal', variant='normal', weight=700, stretch='normal', size='scalable')) = 10.335
matplotlib.font_manager 2025-04-03 12:58:06,577 DEBUG findfont: score(FontEntry(fname='C:\\Windows\\Fonts\\segoeprb.ttf', name='Segoe Print', style='normal', variant='normal', weight=700, stretch='normal', size='scalable')) = 10.335
matplotlib.font_manager 2025-04-03 12:58:06,577 DEBUG findfont: score(FontEntry(fname='C:\\Windows\\Fonts\\mmrtextb.ttf', name='Myanmar Text', style='normal', variant='normal', weight=700, stretch='normal', size='scalable')) = 10.335
matplotlib.font_manager 2025-04-03 12:58:06,577 DEBUG findfont: score(FontEntry(fname='C:\\Windows\\Fonts\\calibri.ttf', name='Calibri', style='normal', variant='normal', weight=400, stretch='normal', size='scalable')) = 10.05
matplotlib.font_manager 2025-04-03 12:58:06,577 DEBUG findfont: score(FontEntry(fname='C:\\Windows\\Fonts\\COLONNA.TTF', name='Colonna MT', style='normal', variant='normal', weight=400, stretch='normal', size='scalable')) = 10.05
matplotlib.font_manager 2025-04-03 12:58:06,577 DEBUG findfont: score(FontEntry(fname='C:\\Windows\\Fonts\\javatext.ttf', name='Javanese Text', style='normal', variant='normal', weight=400, stretch='normal', size='scalable')) = 10.05
matplotlib.font_manager 2025-04-03 12:58:06,577 DEBUG findfont: score(FontEntry(fname='C:\\Windows\\Fonts\\BSSYM7.TTF', name='Bookshelf Symbol 7', style='normal', variant='normal', weight=400, stretch='normal', size='scalable')) = 10.05
matplotlib.font_manager 2025-04-03 12:58:06,577 DEBUG findfont: score(FontEntry(fname='C:\\Windows\\Fonts\\MSUIGHUR.TTF', name='Microsoft Uighur', style='normal', variant='normal', weight=400, stretch='normal', size='scalable')) = 10.05
matplotlib.font_manager 2025-04-03 12:58:06,577 DEBUG findfont: score(FontEntry(fname='C:\\Windows\\Fonts\\constanz.ttf', name='Constantia', style='italic', variant='normal', weight=700, stretch='normal', size='scalable')) = 11.335
matplotlib.font_manager 2025-04-03 12:58:06,577 DEBUG findfont: score(FontEntry(fname='C:\\Windows\\Fonts\\constanb.ttf', name='Constantia', style='normal', variant='normal', weight=700, stretch='normal', size='scalable')) = 10.335
matplotlib.font_manager 2025-04-03 12:58:06,577 DEBUG findfont: score(FontEntry(fname='C:\\Windows\\Fonts\\comic.ttf', name='Comic Sans MS', style='normal', variant='normal', weight=400, stretch='normal', size='scalable')) = 10.05
matplotlib.font_manager 2025-04-03 12:58:06,577 DEBUG findfont: score(FontEntry(fname='C:\\Windows\\Fonts\\verdanai.ttf', name='Verdana', style='italic', variant='normal', weight=400, stretch='normal', size='scalable')) = 4.6863636363636365
matplotlib.font_manager 2025-04-03 12:58:06,577 DEBUG findfont: score(FontEntry(fname='C:\\Windows\\Fonts\\ANTQUAB.TTF', name='Book Antiqua', style='normal', variant='normal', weight=700, stretch='normal', size='scalable')) = 10.335
matplotlib.font_manager 2025-04-03 12:58:06,577 DEBUG findfont: score(FontEntry(fname='C:\\Windows\\Fonts\\LEELAWDB.TTF', name='Leelawadee', style='normal', variant='normal', weight=700, stretch='normal', size='scalable')) = 10.335
matplotlib.font_manager 2025-04-03 12:58:06,578 DEBUG findfont: score(FontEntry(fname='C:\\Windows\\Fonts\\GILI____.TTF', name='Gill Sans MT', style='italic', variant='normal', weight=400, stretch='normal', size='scalable')) = 11.05
matplotlib.font_manager 2025-04-03 12:58:06,578 DEBUG findfont: score(FontEntry(fname='C:\\Windows\\Fonts\\SNAP____.TTF', name='Snap ITC', style='normal', variant='normal', weight=400, stretch='normal', size='scalable')) = 10.05
matplotlib.font_manager 2025-04-03 12:58:06,578 DEBUG findfont: score(FontEntry(fname='C:\\Windows\\Fonts\\ERASBD.TTF', name='Eras Bold ITC', style='normal', variant='normal', weight=400, stretch='normal', size='scalable')) = 10.05
matplotlib.font_manager 2025-04-03 12:58:06,578 DEBUG findfont: score(FontEntry(fname='C:\\Windows\\Fonts\\ROCC____.TTF', name='Rockwell Condensed', style='normal', variant='normal', weight=400, stretch='condensed', size='scalable')) = 10.25
matplotlib.font_manager 2025-04-03 12:58:06,578 DEBUG findfont: score(FontEntry(fname='C:\\Windows\\Fonts\\calibriz.ttf', name='Calibri', style='italic', variant='normal', weight=700, stretch='normal', size='scalable')) = 11.335
matplotlib.font_manager 2025-04-03 12:58:06,578 DEBUG findfont: score(FontEntry(fname='C:\\Windows\\Fonts\\lucon.ttf', name='Lucida Console', style='normal', variant='normal', weight=400, stretch='normal', size='scalable')) = 10.05
matplotlib.font_manager 2025-04-03 12:58:06,578 DEBUG findfont: score(FontEntry(fname='C:\\Windows\\Fonts\\LSANSI.TTF', name='Lucida Sans', style='italic', variant='normal', weight=400, stretch='normal', size='scalable')) = 11.05
matplotlib.font_manager 2025-04-03 12:58:06,578 DEBUG findfont: score(FontEntry(fname='C:\\Windows\\Fonts\\OLDENGL.TTF', name='Old English Text MT', style='normal', variant='normal', weight=400, stretch='normal', size='scalable')) = 10.05
matplotlib.font_manager 2025-04-03 12:58:06,578 DEBUG findfont: score(FontEntry(fname='C:\\Windows\\Fonts\\FRAMDCN.TTF', name='Franklin Gothic Medium Cond', style='normal', variant='normal', weight=400, stretch='condensed', size='scalable')) = 10.25
matplotlib.font_manager 2025-04-03 12:58:06,578 DEBUG findfont: score(FontEntry(fname='C:\\Windows\\Fonts\\framdit.ttf', name='Franklin Gothic Medium', style='italic', variant='normal', weight=400, stretch='normal', size='scalable')) = 11.05
matplotlib.font_manager 2025-04-03 12:58:06,578 DEBUG findfont: score(FontEntry(fname='C:\\Windows\\Fonts\\CENTURY.TTF', name='Century', style='normal', variant='normal', weight=400, stretch='normal', size='scalable')) = 10.05
matplotlib.font_manager 2025-04-03 12:58:06,578 DEBUG findfont: score(FontEntry(fname='C:\\Windows\\Fonts\\BOD_CBI.TTF', name='Bodoni MT', style='italic', variant='normal', weight=700, stretch='condensed', size='scalable')) = 11.535
matplotlib.font_manager 2025-04-03 12:58:06,578 DEBUG findfont: score(FontEntry(fname='C:\\Windows\\Fonts\\BOD_PSTC.TTF', name='Bodoni MT', style='normal', variant='normal', weight=300, stretch='normal', size='scalable')) = 10.145
matplotlib.font_manager 2025-04-03 12:58:06,578 DEBUG findfont: score(FontEntry(fname='C:\\Windows\\Fonts\\GILBI___.TTF', name='Gill Sans MT', style='italic', variant='normal', weight=700, stretch='normal', size='scalable')) = 11.335
matplotlib.font_manager 2025-04-03 12:58:06,578 DEBUG findfont: score(FontEntry(fname='C:\\Windows\\Fonts\\msjhbd.ttc', name='Microsoft JhengHei', style='normal', variant='normal', weight=700, stretch='normal', size='scalable')) = 10.335
matplotlib.font_manager 2025-04-03 12:58:06,578 DEBUG findfont: score(FontEntry(fname='C:\\Windows\\Fonts\\LFAXI.TTF', name='Lucida Fax', style='italic', variant='normal', weight=400, stretch='normal', size='scalable')) = 11.05
matplotlib.font_manager 2025-04-03 12:58:06,578 DEBUG findfont: score(FontEntry(fname='C:\\Windows\\Fonts\\segoesc.ttf', name='Segoe Script', style='normal', variant='normal', weight=400, stretch='normal', size='scalable')) = 10.05
matplotlib.font_manager 2025-04-03 12:58:06,578 DEBUG findfont: score(FontEntry(fname='C:\\Windows\\Fonts\\SCHLBKI.TTF', name='Century Schoolbook', style='italic', variant='normal', weight=400, stretch='normal', size='scalable')) = 11.05
matplotlib.font_manager 2025-04-03 12:58:06,578 DEBUG findfont: score(FontEntry(fname='C:\\Windows\\Fonts\\msyh.ttc', name='Microsoft YaHei', style='normal', variant='normal', weight=400, stretch='normal', size='scalable')) = 10.05
matplotlib.font_manager 2025-04-03 12:58:06,578 DEBUG findfont: score(FontEntry(fname='C:\\Windows\\Fonts\\POORICH.TTF', name='Poor Richard', style='normal', variant='normal', weight=400, stretch='normal', size='scalable')) = 10.05
matplotlib.font_manager 2025-04-03 12:58:06,578 DEBUG findfont: score(FontEntry(fname='C:\\Windows\\Fonts\\OCRAEXT.TTF', name='OCR A Extended', style='normal', variant='normal', weight=400, stretch='expanded', size='scalable')) = 10.25
matplotlib.font_manager 2025-04-03 12:58:06,578 DEBUG findfont: score(FontEntry(fname='C:\\Windows\\Fonts\\taileb.ttf', name='Microsoft Tai Le', style='normal', variant='normal', weight=700, stretch='normal', size='scalable')) = 10.335
matplotlib.font_manager 2025-04-03 12:58:06,578 DEBUG findfont: score(FontEntry(fname='C:\\Windows\\Fonts\\YuGothR.ttc', name='Yu Gothic', style='normal', variant='normal', weight=400, stretch='normal', size='scalable')) = 10.05
matplotlib.font_manager 2025-04-03 12:58:06,578 DEBUG findfont: score(FontEntry(fname='C:\\Windows\\Fonts\\CURLZ___.TTF', name='Curlz MT', style='normal', variant='normal', weight=400, stretch='normal', size='scalable')) = 10.05
matplotlib.font_manager 2025-04-03 12:58:06,578 DEBUG findfont: score(FontEntry(fname='C:\\Windows\\Fonts\\PALSCRI.TTF', name='Palace Script MT', style='normal', variant='normal', weight=400, stretch='normal', size='scalable')) = 10.05
matplotlib.font_manager 2025-04-03 12:58:06,578 DEBUG findfont: score(FontEntry(fname='C:\\Windows\\Fonts\\BOD_BI.TTF', name='Bodoni MT', style='italic', variant='normal', weight=700, stretch='normal', size='scalable')) = 11.335
matplotlib.font_manager 2025-04-03 12:58:06,578 DEBUG findfont: score(FontEntry(fname='C:\\Windows\\Fonts\\Gabriola.ttf', name='Gabriola', style='normal', variant='normal', weight=400, stretch='normal', size='scalable')) = 10.05
matplotlib.font_manager 2025-04-03 12:58:06,578 DEBUG findfont: score(FontEntry(fname='C:\\Windows\\Fonts\\BOD_CI.TTF', name='Bodoni MT', style='italic', variant='normal', weight=400, stretch='condensed', size='scalable')) = 11.25
matplotlib.font_manager 2025-04-03 12:58:06,578 DEBUG findfont: score(FontEntry(fname='C:\\Windows\\Fonts\\msyi.ttf', name='Microsoft Yi Baiti', style='normal', variant='normal', weight=400, stretch='normal', size='scalable')) = 10.05
matplotlib.font_manager 2025-04-03 12:58:06,578 DEBUG findfont: score(FontEntry(fname='C:\\Windows\\Fonts\\ntailub.ttf', name='Microsoft New Tai Lue', style='normal', variant='normal', weight=700, stretch='normal', size='scalable')) = 10.335
matplotlib.font_manager 2025-04-03 12:58:06,578 DEBUG findfont: score(FontEntry(fname='C:\\Windows\\Fonts\\YuGothL.ttc', name='Yu Gothic', style='normal', variant='normal', weight=300, stretch='normal', size='scalable')) = 10.145
matplotlib.font_manager 2025-04-03 12:58:06,578 DEBUG findfont: score(FontEntry(fname='C:\\Windows\\Fonts\\SCRIPTBL.TTF', name='Script MT Bold', style='normal', variant='normal', weight=700, stretch='normal', size='scalable')) = 10.335
matplotlib.font_manager 2025-04-03 12:58:06,579 DEBUG findfont: score(FontEntry(fname='C:\\Windows\\Fonts\\BOOKOS.TTF', name='Bookman Old Style', style='normal', variant='normal', weight=300, stretch='normal', size='scalable')) = 10.145
matplotlib.font_manager 2025-04-03 12:58:06,579 DEBUG findfont: score(FontEntry(fname='C:\\Windows\\Fonts\\seguibli.ttf', name='Segoe UI', style='italic', variant='normal', weight=900, stretch='normal', size='scalable')) = 11.525
matplotlib.font_manager 2025-04-03 12:58:06,579 DEBUG findfont: score(FontEntry(fname='C:\\Windows\\Fonts\\corbelz.ttf', name='Corbel', style='italic', variant='normal', weight=700, stretch='normal', size='scalable')) = 11.335
matplotlib.font_manager 2025-04-03 12:58:06,579 DEBUG findfont: score(FontEntry(fname='C:\\Windows\\Fonts\\trebucbi.ttf', name='Trebuchet MS', style='italic', variant='normal', weight=700, stretch='normal', size='scalable')) = 11.335
matplotlib.font_manager 2025-04-03 12:58:06,579 DEBUG findfont: score(FontEntry(fname='C:\\Windows\\Fonts\\segmdl2.ttf', name='Segoe MDL2 Assets', style='normal', variant='normal', weight=400, stretch='normal', size='scalable')) = 10.05
matplotlib.font_manager 2025-04-03 12:58:06,579 DEBUG findfont: score(FontEntry(fname='C:\\Windows\\Fonts\\Inkfree.ttf', name='Ink Free', style='normal', variant='normal', weight=400, stretch='normal', size='scalable')) = 10.05
matplotlib.font_manager 2025-04-03 12:58:06,579 DEBUG findfont: score(FontEntry(fname='C:\\Windows\\Fonts\\ARIALNB.TTF', name='Arial', style='normal', variant='normal', weight=700, stretch='condensed', size='scalable')) = 6.8986363636363635
matplotlib.font_manager 2025-04-03 12:58:06,579 DEBUG findfont: score(FontEntry(fname='C:\\Windows\\Fonts\\pala.ttf', name='Palatino Linotype', style='normal', variant='normal', weight=400, stretch='normal', size='scalable')) = 10.05
matplotlib.font_manager 2025-04-03 12:58:06,579 DEBUG findfont: score(FontEntry(fname='C:\\Windows\\Fonts\\times.ttf', name='Times New Roman', style='normal', variant='normal', weight=400, stretch='normal', size='scalable')) = 10.05
matplotlib.font_manager 2025-04-03 12:58:06,579 DEBUG findfont: score(FontEntry(fname='C:\\Windows\\Fonts\\LFAXDI.TTF', name='Lucida Fax', style='italic', variant='normal', weight=600, stretch='normal', size='scalable')) = 11.24
matplotlib.font_manager 2025-04-03 12:58:06,579 DEBUG findfont: score(FontEntry(fname='C:\\Windows\\Fonts\\BELLI.TTF', name='Bell MT', style='italic', variant='normal', weight=400, stretch='normal', size='scalable')) = 11.05
matplotlib.font_manager 2025-04-03 12:58:06,579 DEBUG findfont: score(FontEntry(fname='C:\\Windows\\Fonts\\timesbi.ttf', name='Times New Roman', style='italic', variant='normal', weight=700, stretch='normal', size='scalable')) = 11.335
matplotlib.font_manager 2025-04-03 12:58:06,579 DEBUG findfont: score(FontEntry(fname='C:\\Windows\\Fonts\\seguibl.ttf', name='Segoe UI', style='normal', variant='normal', weight=900, stretch='normal', size='scalable')) = 10.525
matplotlib.font_manager 2025-04-03 12:58:06,579 DEBUG findfont: score(FontEntry(fname='C:\\Windows\\Fonts\\Candaraz.ttf', name='Candara', style='italic', variant='normal', weight=700, stretch='normal', size='scalable')) = 11.335
matplotlib.font_manager 2025-04-03 12:58:06,579 DEBUG findfont: score(FontEntry(fname='C:\\Windows\\Fonts\\MOD20.TTF', name='Modern No. 20', style='normal', variant='normal', weight=400, stretch='normal', size='scalable')) = 10.05
matplotlib.font_manager 2025-04-03 12:58:06,579 DEBUG findfont: score(FontEntry(fname='C:\\Windows\\Fonts\\ELEPHNT.TTF', name='Elephant', style='normal', variant='normal', weight=400, stretch='normal', size='scalable')) = 10.05
matplotlib.font_manager 2025-04-03 12:58:06,579 DEBUG findfont: score(FontEntry(fname='C:\\Windows\\Fonts\\sylfaen.ttf', name='Sylfaen', style='normal', variant='normal', weight=400, stretch='normal', size='scalable')) = 10.05
matplotlib.font_manager 2025-04-03 12:58:06,579 DEBUG findfont: score(FontEntry(fname='C:\\Windows\\Fonts\\segoeuii.ttf', name='Segoe UI', style='italic', variant='normal', weight=400, stretch='normal', size='scalable')) = 11.05
matplotlib.font_manager 2025-04-03 12:58:06,579 DEBUG findfont: score(FontEntry(fname='C:\\Windows\\Fonts\\BELL.TTF', name='Bell MT', style='normal', variant='normal', weight=400, stretch='normal', size='scalable')) = 10.05
matplotlib.font_manager 2025-04-03 12:58:06,579 DEBUG findfont: score(FontEntry(fname='C:\\Windows\\Fonts\\simsunb.ttf', name='SimSun-ExtB', style='normal', variant='normal', weight=400, stretch='normal', size='scalable')) = 10.05
matplotlib.font_manager 2025-04-03 12:58:06,579 DEBUG findfont: score(FontEntry(fname='C:\\Windows\\Fonts\\BAUHS93.TTF', name='Bauhaus 93', style='normal', variant='normal', weight=400, stretch='normal', size='scalable')) = 10.05
matplotlib.font_manager 2025-04-03 12:58:06,579 DEBUG findfont: score(FontEntry(fname='C:\\Windows\\Fonts\\cour.ttf', name='Courier New', style='normal', variant='normal', weight=400, stretch='normal', size='scalable')) = 10.05
matplotlib.font_manager 2025-04-03 12:58:06,579 DEBUG findfont: score(FontEntry(fname='C:\\Windows\\Fonts\\ARIALN.TTF', name='Arial', style='normal', variant='normal', weight=400, stretch='condensed', size='scalable')) = 6.613636363636363
matplotlib.font_manager 2025-04-03 12:58:06,579 DEBUG findfont: score(FontEntry(fname='C:\\Windows\\Fonts\\georgia.ttf', name='Georgia', style='normal', variant='normal', weight=400, stretch='normal', size='scalable')) = 10.05
matplotlib.font_manager 2025-04-03 12:58:06,579 DEBUG findfont: score(FontEntry(fname='C:\\Windows\\Fonts\\PLAYBILL.TTF', name='Playbill', style='normal', variant='normal', weight=400, stretch='normal', size='scalable')) = 10.05
matplotlib.font_manager 2025-04-03 12:58:06,579 DEBUG findfont: score(FontEntry(fname='C:\\Windows\\Fonts\\DUBAI-REGULAR.TTF', name='Dubai', style='normal', variant='normal', weight=400, stretch='normal', size='scalable')) = 10.05
matplotlib.font_manager 2025-04-03 12:58:06,579 DEBUG findfont: score(FontEntry(fname='C:\\Windows\\Fonts\\segoeuil.ttf', name='Segoe UI', style='normal', variant='normal', weight=300, stretch='normal', size='scalable')) = 10.145
matplotlib.font_manager 2025-04-03 12:58:06,580 DEBUG findfont: score(FontEntry(fname='C:\\Windows\\Fonts\\REFSPCL.TTF', name='MS Reference Specialty', style='normal', variant='normal', weight=400, stretch='normal', size='scalable')) = 10.05
matplotlib.font_manager 2025-04-03 12:58:06,580 DEBUG findfont: score(FontEntry(fname='C:\\Windows\\Fonts\\MAIAN.TTF', name='Maiandra GD', style='normal', variant='normal', weight=400, stretch='normal', size='scalable')) = 10.05
matplotlib.font_manager 2025-04-03 12:58:06,580 DEBUG findfont: score(FontEntry(fname='C:\\Windows\\Fonts\\corbelb.ttf', name='Corbel', style='normal', variant='normal', weight=700, stretch='normal', size='scalable')) = 10.335
matplotlib.font_manager 2025-04-03 12:58:06,580 DEBUG findfont: score(FontEntry(fname='C:\\Windows\\Fonts\\verdanab.ttf', name='Verdana', style='normal', variant='normal', weight=700, stretch='normal', size='scalable')) = 3.9713636363636367
matplotlib.font_manager 2025-04-03 12:58:06,580 DEBUG findfont: score(FontEntry(fname='C:\\Windows\\Fonts\\PAPYRUS.TTF', name='Papyrus', style='normal', variant='normal', weight=400, stretch='normal', size='scalable')) = 10.05
matplotlib.font_manager 2025-04-03 12:58:06,580 DEBUG findfont: score(FontEntry(fname='C:\\Windows\\Fonts\\LATINWD.TTF', name='Wide Latin', style='normal', variant='normal', weight=400, stretch='expanded', size='scalable')) = 10.25
matplotlib.font_manager 2025-04-03 12:58:06,580 DEBUG findfont: score(FontEntry(fname='C:\\Windows\\Fonts\\HARLOWSI.TTF', name='Harlow Solid Italic', style='italic', variant='normal', weight=400, stretch='normal', size='scalable')) = 11.05
matplotlib.font_manager 2025-04-03 12:58:06,580 DEBUG findfont: score(FontEntry(fname='C:\\Windows\\Fonts\\LHANDW.TTF', name='Lucida Handwriting', style='italic', variant='normal', weight=400, stretch='normal', size='scalable')) = 11.05
matplotlib.font_manager 2025-04-03 12:58:06,580 DEBUG findfont: score(FontEntry(fname='C:\\Windows\\Fonts\\seguiemj.ttf', name='Segoe UI Emoji', style='normal', variant='normal', weight=400, stretch='normal', size='scalable')) = 10.05
matplotlib.font_manager 2025-04-03 12:58:06,580 DEBUG findfont: score(FontEntry(fname='C:\\Windows\\Fonts\\RAVIE.TTF', name='Ravie', style='normal', variant='normal', weight=400, stretch='normal', size='scalable')) = 10.05
matplotlib.font_manager 2025-04-03 12:58:06,580 DEBUG findfont: score(FontEntry(fname='C:\\Windows\\Fonts\\BOD_R.TTF', name='Bodoni MT', style='normal', variant='normal', weight=400, stretch='normal', size='scalable')) = 10.05
matplotlib.font_manager 2025-04-03 12:58:06,580 DEBUG findfont: score(FontEntry(fname='C:\\Windows\\Fonts\\comici.ttf', name='Comic Sans MS', style='italic', variant='normal', weight=400, stretch='normal', size='scalable')) = 11.05
matplotlib.font_manager 2025-04-03 12:58:06,580 DEBUG findfont: score(FontEntry(fname='C:\\Windows\\Fonts\\CALISTBI.TTF', name='Calisto MT', style='italic', variant='normal', weight=700, stretch='normal', size='scalable')) = 11.335
matplotlib.font_manager 2025-04-03 12:58:06,580 DEBUG findfont: score(FontEntry(fname='C:\\Windows\\Fonts\\AGENCYB.TTF', name='Agency FB', style='normal', variant='normal', weight=700, stretch='normal', size='scalable')) = 10.335
matplotlib.font_manager 2025-04-03 12:58:06,580 DEBUG findfont: score(FontEntry(fname='C:\\Windows\\Fonts\\GOUDOSI.TTF', name='Goudy Old Style', style='italic', variant='normal', weight=400, stretch='normal', size='scalable')) = 11.05
matplotlib.font_manager 2025-04-03 12:58:06,580 DEBUG findfont: score(FontEntry(fname='C:\\Windows\\Fonts\\ANTQUABI.TTF', name='Book Antiqua', style='italic', variant='normal', weight=700, stretch='normal', size='scalable')) = 11.335
matplotlib.font_manager 2025-04-03 12:58:06,580 DEBUG findfont: score(FontEntry(fname='C:\\Windows\\Fonts\\comicz.ttf', name='Comic Sans MS', style='italic', variant='normal', weight=700, stretch='normal', size='scalable')) = 11.335
matplotlib.font_manager 2025-04-03 12:58:06,580 DEBUG findfont: score(FontEntry(fname='C:\\Windows\\Fonts\\georgiai.ttf', name='Georgia', style='italic', variant='normal', weight=400, stretch='normal', size='scalable')) = 11.05
matplotlib.font_manager 2025-04-03 12:58:06,580 DEBUG findfont: score(FontEntry(fname='C:\\Windows\\Fonts\\TCBI____.TTF', name='Tw Cen MT', style='italic', variant='normal', weight=700, stretch='normal', size='scalable')) = 11.335
matplotlib.font_manager 2025-04-03 12:58:06,580 DEBUG findfont: score(FontEntry(fname='C:\\Windows\\Fonts\\PERTIBD.TTF', name='Perpetua Titling MT', style='normal', variant='normal', weight=700, stretch='normal', size='scalable')) = 10.335
matplotlib.font_manager 2025-04-03 12:58:06,580 DEBUG findfont: score(FontEntry(fname='C:\\Windows\\Fonts\\arialbd.ttf', name='Arial', style='normal', variant='normal', weight=700, stretch='normal', size='scalable')) = 6.698636363636363
matplotlib.font_manager 2025-04-03 12:58:06,580 DEBUG findfont: score(FontEntry(fname='C:\\Windows\\Fonts\\FRABKIT.TTF', name='Franklin Gothic Book', style='italic', variant='normal', weight=400, stretch='normal', size='scalable')) = 11.05
matplotlib.font_manager 2025-04-03 12:58:06,580 DEBUG findfont: score(FontEntry(fname='C:\\Windows\\Fonts\\BRADHITC.TTF', name='Bradley Hand ITC', style='normal', variant='normal', weight=400, stretch='normal', size='scalable')) = 10.05
matplotlib.font_manager 2025-04-03 12:58:06,580 DEBUG findfont: score(FontEntry(fname='C:\\Windows\\Fonts\\malgunsl.ttf', name='Malgun Gothic', style='normal', variant='normal', weight=300, stretch='normal', size='scalable')) = 10.145
matplotlib.font_manager 2025-04-03 12:58:06,580 DEBUG findfont: score(FontEntry(fname='C:\\Windows\\Fonts\\calibril.ttf', name='Calibri', style='normal', variant='normal', weight=300, stretch='normal', size='scalable')) = 10.145
matplotlib.font_manager 2025-04-03 12:58:06,580 DEBUG findfont: score(FontEntry(fname='C:\\Windows\\Fonts\\BERNHC.TTF', name='Bernard MT Condensed', style='normal', variant='normal', weight=400, stretch='condensed', size='scalable')) = 10.25
matplotlib.font_manager 2025-04-03 12:58:06,580 DEBUG findfont: score(FontEntry(fname='C:\\Windows\\Fonts\\ITCBLKAD.TTF', name='Blackadder ITC', style='normal', variant='normal', weight=400, stretch='normal', size='scalable')) = 10.05
matplotlib.font_manager 2025-04-03 12:58:06,580 DEBUG findfont: score(FontEntry(fname='C:\\Windows\\Fonts\\phagspab.ttf', name='Microsoft PhagsPa', style='normal', variant='normal', weight=700, stretch='normal', size='scalable')) = 10.335
matplotlib.font_manager 2025-04-03 12:58:06,580 DEBUG findfont: score(FontEntry(fname='C:\\Windows\\Fonts\\CALISTB.TTF', name='Calisto MT', style='normal', variant='normal', weight=700, stretch='normal', size='scalable')) = 10.335
matplotlib.font_manager 2025-04-03 12:58:06,581 DEBUG findfont: score(FontEntry(fname='C:\\Windows\\Fonts\\BOOKOSBI.TTF', name='Bookman Old Style', style='italic', variant='normal', weight=600, stretch='normal', size='scalable')) = 11.24
matplotlib.font_manager 2025-04-03 12:58:06,581 DEBUG findfont: score(FontEntry(fname='C:\\Windows\\Fonts\\GILLUBCD.TTF', name='Gill Sans Ultra Bold Condensed', style='normal', variant='normal', weight=400, stretch='condensed', size='scalable')) = 10.25
matplotlib.font_manager 2025-04-03 12:58:06,581 DEBUG findfont: score(FontEntry(fname='C:\\Windows\\Fonts\\FREESCPT.TTF', name='Freestyle Script', style='normal', variant='normal', weight=400, stretch='normal', size='scalable')) = 10.05
matplotlib.font_manager 2025-04-03 12:58:06,581 DEBUG findfont: score(FontEntry(fname='C:\\Windows\\Fonts\\Candara.ttf', name='Candara', style='normal', variant='normal', weight=400, stretch='normal', size='scalable')) = 10.05
matplotlib.font_manager 2025-04-03 12:58:06,581 DEBUG findfont: score(FontEntry(fname='C:\\Windows\\Fonts\\BOOKOSI.TTF', name='Bookman Old Style', style='italic', variant='normal', weight=300, stretch='normal', size='scalable')) = 11.145
matplotlib.font_manager 2025-04-03 12:58:06,581 DEBUG findfont: score(FontEntry(fname='C:\\Windows\\Fonts\\KUNSTLER.TTF', name='Kunstler Script', style='normal', variant='normal', weight=400, stretch='normal', size='scalable')) = 10.05
matplotlib.font_manager 2025-04-03 12:58:06,581 DEBUG findfont: score(FontEntry(fname='C:\\Windows\\Fonts\\simsun.ttc', name='SimSun', style='normal', variant='normal', weight=400, stretch='normal', size='scalable')) = 10.05
matplotlib.font_manager 2025-04-03 12:58:06,581 DEBUG findfont: score(FontEntry(fname='C:\\Windows\\Fonts\\malgunbd.ttf', name='Malgun Gothic', style='normal', variant='normal', weight=700, stretch='normal', size='scalable')) = 10.335
matplotlib.font_manager 2025-04-03 12:58:06,581 DEBUG findfont: score(FontEntry(fname='C:\\Windows\\Fonts\\GILSANUB.TTF', name='Gill Sans Ultra Bold', style='normal', variant='normal', weight=400, stretch='normal', size='scalable')) = 10.05
matplotlib.font_manager 2025-04-03 12:58:06,581 DEBUG findfont: score(FontEntry(fname='C:\\Windows\\Fonts\\GOTHICBI.TTF', name='Century Gothic', style='italic', variant='normal', weight=700, stretch='normal', size='scalable')) = 11.335
matplotlib.font_manager 2025-04-03 12:58:06,581 DEBUG findfont: score(FontEntry(fname='C:\\Windows\\Fonts\\ALGER.TTF', name='Algerian', style='normal', variant='normal', weight=400, stretch='normal', size='scalable')) = 10.05
matplotlib.font_manager 2025-04-03 12:58:06,581 DEBUG findfont: score(FontEntry(fname='C:\\Windows\\Fonts\\CALIFI.TTF', name='Californian FB', style='italic', variant='normal', weight=400, stretch='normal', size='scalable')) = 11.05
matplotlib.font_manager 2025-04-03 12:58:06,581 DEBUG findfont: score(FontEntry(fname='C:\\Windows\\Fonts\\SitkaVF.ttf', name='Sitka', style='normal', variant='normal', weight=400, stretch='normal', size='scalable')) = 10.05
matplotlib.font_manager 2025-04-03 12:58:06,581 DEBUG findfont: score(FontEntry(fname='C:\\Windows\\Fonts\\YuGothB.ttc', name='Yu Gothic', style='normal', variant='normal', weight=700, stretch='normal', size='scalable')) = 10.335
matplotlib.font_manager 2025-04-03 12:58:06,581 DEBUG findfont: score(FontEntry(fname='C:\\Windows\\Fonts\\BRITANIC.TTF', name='Britannic Bold', style='normal', variant='normal', weight=400, stretch='normal', size='scalable')) = 10.05
matplotlib.font_manager 2025-04-03 12:58:06,581 DEBUG findfont: score(FontEntry(fname='C:\\Windows\\Fonts\\seguisym.ttf', name='Segoe UI Symbol', style='normal', variant='normal', weight=400, stretch='normal', size='scalable')) = 10.05
matplotlib.font_manager 2025-04-03 12:58:06,581 DEBUG findfont: score(FontEntry(fname='C:\\Windows\\Fonts\\SCHLBKBI.TTF', name='Century Schoolbook', style='italic', variant='normal', weight=700, stretch='normal', size='scalable')) = 11.335
matplotlib.font_manager 2025-04-03 12:58:06,581 DEBUG findfont: score(FontEntry(fname='C:\\Windows\\Fonts\\GOTHICB.TTF', name='Century Gothic', style='normal', variant='normal', weight=700, stretch='normal', size='scalable')) = 10.335
matplotlib.font_manager 2025-04-03 12:58:06,581 DEBUG findfont: score(FontEntry(fname='C:\\Windows\\Fonts\\PERBI___.TTF', name='Perpetua', style='italic', variant='normal', weight=700, stretch='normal', size='scalable')) = 11.335
matplotlib.font_manager 2025-04-03 12:58:06,581 DEBUG findfont: score(FontEntry(fname='C:\\Windows\\Fonts\\verdanaz.ttf', name='Verdana', style='italic', variant='normal', weight=700, stretch='normal', size='scalable')) = 4.971363636363637
matplotlib.font_manager 2025-04-03 12:58:06,581 DEBUG findfont: score(FontEntry(fname='C:\\Windows\\Fonts\\HATTEN.TTF', name='Haettenschweiler', style='normal', variant='normal', weight=400, stretch='normal', size='scalable')) = 10.05
matplotlib.font_manager 2025-04-03 12:58:06,581 DEBUG findfont: score(FontEntry(fname='C:\\Windows\\Fonts\\PERB____.TTF', name='Perpetua', style='normal', variant='normal', weight=700, stretch='normal', size='scalable')) = 10.335
matplotlib.font_manager 2025-04-03 12:58:06,581 DEBUG findfont: score(FontEntry(fname='C:\\Windows\\Fonts\\OUTLOOK.TTF', name='MS Outlook', style='normal', variant='normal', weight=400, stretch='normal', size='scalable')) = 10.05
matplotlib.font_manager 2025-04-03 12:58:06,581 DEBUG findfont: score(FontEntry(fname='C:\\Windows\\Fonts\\DUBAI-MEDIUM.TTF', name='Dubai', style='normal', variant='normal', weight=500, stretch='normal', size='scalable')) = 10.145
matplotlib.font_manager 2025-04-03 12:58:06,581 DEBUG findfont: score(FontEntry(fname='C:\\Windows\\Fonts\\CENSCBK.TTF', name='Century Schoolbook', style='normal', variant='normal', weight=400, stretch='normal', size='scalable')) = 10.05
matplotlib.font_manager 2025-04-03 12:58:06,581 DEBUG findfont: score(FontEntry(fname='C:\\Windows\\Fonts\\INFROMAN.TTF', name='Informal Roman', style='normal', variant='normal', weight=400, stretch='normal', size='scalable')) = 10.05
matplotlib.font_manager 2025-04-03 12:58:06,581 DEBUG findfont: score(FontEntry(fname='C:\\Windows\\Fonts\\MAGNETOB.TTF', name='Magneto', style='normal', variant='normal', weight=700, stretch='normal', size='scalable')) = 10.335
matplotlib.font_manager 2025-04-03 12:58:06,581 DEBUG findfont: score(FontEntry(fname='C:\\Windows\\Fonts\\PERTILI.TTF', name='Perpetua Titling MT', style='normal', variant='normal', weight=300, stretch='normal', size='scalable')) = 10.145
matplotlib.font_manager 2025-04-03 12:58:06,581 DEBUG findfont: score(FontEntry(fname='C:\\Windows\\Fonts\\BASKVILL.TTF', name='Baskerville Old Face', style='normal', variant='normal', weight=400, stretch='normal', size='scalable')) = 10.05
matplotlib.font_manager 2025-04-03 12:58:06,581 DEBUG findfont: score(FontEntry(fname='C:\\Windows\\Fonts\\gadugi.ttf', name='Gadugi', style='normal', variant='normal', weight=400, stretch='normal', size='scalable')) = 10.05
matplotlib.font_manager 2025-04-03 12:58:06,581 DEBUG findfont: score(FontEntry(fname='C:\\Windows\\Fonts\\framd.ttf', name='Franklin Gothic Medium', style='normal', variant='normal', weight=400, stretch='normal', size='scalable')) = 10.05
matplotlib.font_manager 2025-04-03 12:58:06,581 DEBUG findfont: score(FontEntry(fname='C:\\Windows\\Fonts\\cambriaz.ttf', name='Cambria', style='italic', variant='normal', weight=700, stretch='normal', size='scalable')) = 11.335
matplotlib.font_manager 2025-04-03 12:58:06,582 DEBUG findfont: score(FontEntry(fname='C:\\Windows\\Fonts\\calibrii.ttf', name='Calibri', style='italic', variant='normal', weight=400, stretch='normal', size='scalable')) = 11.05
matplotlib.font_manager 2025-04-03 12:58:06,582 DEBUG findfont: score(FontEntry(fname='C:\\Windows\\Fonts\\calibrili.ttf', name='Calibri', style='italic', variant='normal', weight=300, stretch='normal', size='scalable')) = 11.145
matplotlib.font_manager 2025-04-03 12:58:06,582 DEBUG findfont: score(FontEntry(fname='C:\\Windows\\Fonts\\FRAHVIT.TTF', name='Franklin Gothic Heavy', style='italic', variant='normal', weight=400, stretch='normal', size='scalable')) = 11.05
matplotlib.font_manager 2025-04-03 12:58:06,582 DEBUG findfont: score(FontEntry(fname='C:\\Windows\\Fonts\\ITCKRIST.TTF', name='Kristen ITC', style='normal', variant='normal', weight=400, stretch='normal', size='scalable')) = 10.05
matplotlib.font_manager 2025-04-03 12:58:06,582 DEBUG findfont: score(FontEntry(fname='C:\\Windows\\Fonts\\TCCM____.TTF', name='Tw Cen MT Condensed', style='normal', variant='normal', weight=400, stretch='condensed', size='scalable')) = 10.25
matplotlib.font_manager 2025-04-03 12:58:06,582 DEBUG findfont: score(FontEntry(fname='C:\\Windows\\Fonts\\JUICE___.TTF', name='Juice ITC', style='normal', variant='normal', weight=400, stretch='normal', size='scalable')) = 10.05
matplotlib.font_manager 2025-04-03 12:58:06,582 DEBUG findfont: score(FontEntry(fname='C:\\Windows\\Fonts\\FRADMCN.TTF', name='Franklin Gothic Demi Cond', style='normal', variant='normal', weight=400, stretch='condensed', size='scalable')) = 10.25
matplotlib.font_manager 2025-04-03 12:58:06,582 DEBUG findfont: score(FontEntry(fname='C:\\Windows\\Fonts\\CHILLER.TTF', name='Chiller', style='normal', variant='normal', weight=400, stretch='normal', size='scalable')) = 10.05
matplotlib.font_manager 2025-04-03 12:58:06,582 DEBUG findfont: score(FontEntry(fname='C:\\Windows\\Fonts\\MTEXTRA.TTF', name='MT Extra', style='normal', variant='normal', weight=400, stretch='normal', size='scalable')) = 10.05
matplotlib.font_manager 2025-04-03 12:58:06,582 DEBUG findfont: score(FontEntry(fname='C:\\Windows\\Fonts\\bahnschrift.ttf', name='Bahnschrift', style='normal', variant='normal', weight=400, stretch='normal', size='scalable')) = 10.05
matplotlib.font_manager 2025-04-03 12:58:06,582 DEBUG findfont: score(FontEntry(fname='C:\\Windows\\Fonts\\BROADW.TTF', name='Broadway', style='normal', variant='normal', weight=400, stretch='normal', size='scalable')) = 10.05
matplotlib.font_manager 2025-04-03 12:58:06,582 DEBUG findfont: score(FontEntry(fname='C:\\Windows\\Fonts\\cambria.ttc', name='Cambria', style='normal', variant='normal', weight=400, stretch='normal', size='scalable')) = 10.05
matplotlib.font_manager 2025-04-03 12:58:06,582 DEBUG findfont: score(FontEntry(fname='C:\\Windows\\Fonts\\constani.ttf', name='Constantia', style='italic', variant='normal', weight=400, stretch='normal', size='scalable')) = 11.05
matplotlib.font_manager 2025-04-03 12:58:06,582 DEBUG findfont: score(FontEntry(fname='C:\\Windows\\Fonts\\ROCKI.TTF', name='Rockwell', style='italic', variant='normal', weight=400, stretch='normal', size='scalable')) = 11.05
matplotlib.font_manager 2025-04-03 12:58:06,582 DEBUG findfont: score(FontEntry(fname='C:\\Windows\\Fonts\\MATURASC.TTF', name='Matura MT Script Capitals', style='normal', variant='normal', weight=400, stretch='normal', size='scalable')) = 10.05
matplotlib.font_manager 2025-04-03 12:58:06,582 DEBUG findfont: score(FontEntry(fname='C:\\Windows\\Fonts\\msjh.ttc', name='Microsoft JhengHei', style='normal', variant='normal', weight=400, stretch='normal', size='scalable')) = 10.05
matplotlib.font_manager 2025-04-03 12:58:06,582 DEBUG findfont: score(FontEntry(fname='C:\\Windows\\Fonts\\CENTAUR.TTF', name='Centaur', style='normal', variant='normal', weight=400, stretch='normal', size='scalable')) = 10.05
matplotlib.font_manager 2025-04-03 12:58:06,582 DEBUG findfont: score(FontEntry(fname='C:\\Windows\\Fonts\\COOPBL.TTF', name='Cooper Black', style='normal', variant='normal', weight=400, stretch='normal', size='scalable')) = 10.05
matplotlib.font_manager 2025-04-03 12:58:06,582 DEBUG findfont: score(FontEntry(fname='C:\\Windows\\Fonts\\GILB____.TTF', name='Gill Sans MT', style='normal', variant='normal', weight=700, stretch='normal', size='scalable')) = 10.335
matplotlib.font_manager 2025-04-03 12:58:06,582 DEBUG findfont: score(FontEntry(fname='C:\\Windows\\Fonts\\MTCORSVA.TTF', name='Monotype Corsiva', style='normal', variant='normal', weight=400, stretch='normal', size='scalable')) = 10.05
matplotlib.font_manager 2025-04-03 12:58:06,582 DEBUG findfont: score(FontEntry(fname='C:\\Windows\\Fonts\\LTYPEB.TTF', name='Lucida Sans Typewriter', style='normal', variant='normal', weight=600, stretch='normal', size='scalable')) = 10.24
matplotlib.font_manager 2025-04-03 12:58:06,582 DEBUG findfont: score(FontEntry(fname='C:\\Windows\\Fonts\\ROCCB___.TTF', name='Rockwell Condensed', style='normal', variant='normal', weight=700, stretch='condensed', size='scalable')) = 10.535
matplotlib.font_manager 2025-04-03 12:58:06,582 DEBUG findfont: score(FontEntry(fname='C:\\Windows\\Fonts\\mingliub.ttc', name='MingLiU-ExtB', style='normal', variant='normal', weight=400, stretch='normal', size='scalable')) = 10.05
matplotlib.font_manager 2025-04-03 12:58:06,582 DEBUG findfont: score(FontEntry(fname='C:\\Windows\\Fonts\\ROCKEB.TTF', name='Rockwell Extra Bold', style='normal', variant='normal', weight=800, stretch='normal', size='scalable')) = 10.43
matplotlib.font_manager 2025-04-03 12:58:06,582 DEBUG findfont: score(FontEntry(fname='C:\\Windows\\Fonts\\COPRGTL.TTF', name='Copperplate Gothic Light', style='normal', variant='normal', weight=400, stretch='normal', size='scalable')) = 10.05
matplotlib.font_manager 2025-04-03 12:58:06,582 DEBUG findfont: score(FontEntry(fname='C:\\Windows\\Fonts\\arialbi.ttf', name='Arial', style='italic', variant='normal', weight=700, stretch='normal', size='scalable')) = 7.698636363636363
matplotlib.font_manager 2025-04-03 12:58:06,582 DEBUG findfont: score(FontEntry(fname='C:\\Windows\\Fonts\\TCCEB.TTF', name='Tw Cen MT Condensed Extra Bold', style='normal', variant='normal', weight=400, stretch='condensed', size='scalable')) = 10.25
matplotlib.font_manager 2025-04-03 12:58:06,582 DEBUG findfont: score(FontEntry(fname='C:\\Windows\\Fonts\\ERASDEMI.TTF', name='Eras Demi ITC', style='normal', variant='normal', weight=400, stretch='normal', size='scalable')) = 10.05
matplotlib.font_manager 2025-04-03 12:58:06,582 DEBUG findfont: score(FontEntry(fname='C:\\Windows\\Fonts\\corbell.ttf', name='Corbel', style='normal', variant='normal', weight=300, stretch='normal', size='scalable')) = 10.145
matplotlib.font_manager 2025-04-03 12:58:06,582 DEBUG findfont: score(FontEntry(fname='C:\\Windows\\Fonts\\Nirmala.ttf', name='Nirmala UI', style='normal', variant='normal', weight=400, stretch='normal', size='scalable')) = 10.05
matplotlib.font_manager 2025-04-03 12:58:06,582 DEBUG findfont: score(FontEntry(fname='C:\\Windows\\Fonts\\impact.ttf', name='Impact', style='normal', variant='normal', weight=400, stretch='normal', size='scalable')) = 10.05
matplotlib.font_manager 2025-04-03 12:58:06,582 DEBUG findfont: score(FontEntry(fname='C:\\Windows\\Fonts\\GOUDYSTO.TTF', name='Goudy Stout', style='normal', variant='normal', weight=400, stretch='normal', size='scalable')) = 10.05
matplotlib.font_manager 2025-04-03 12:58:06,582 DEBUG findfont: score(FontEntry(fname='C:\\Windows\\Fonts\\Candarali.ttf', name='Candara', style='italic', variant='normal', weight=400, stretch='normal', size='scalable')) = 11.05
matplotlib.font_manager 2025-04-03 12:58:06,583 DEBUG findfont: score(FontEntry(fname='C:\\Windows\\Fonts\\consola.ttf', name='Consolas', style='normal', variant='normal', weight=400, stretch='normal', size='scalable')) = 10.05
matplotlib.font_manager 2025-04-03 12:58:06,583 DEBUG findfont: score(FontEntry(fname='C:\\Windows\\Fonts\\MISTRAL.TTF', name='Mistral', style='normal', variant='normal', weight=400, stretch='normal', size='scalable')) = 10.05
matplotlib.font_manager 2025-04-03 12:58:06,583 DEBUG findfont: score(FontEntry(fname='C:\\Windows\\Fonts\\trebucit.ttf', name='Trebuchet MS', style='italic', variant='normal', weight=400, stretch='normal', size='scalable')) = 11.05
matplotlib.font_manager 2025-04-03 12:58:06,583 DEBUG findfont: score(FontEntry(fname='C:\\Windows\\Fonts\\VIVALDII.TTF', name='Vivaldi', style='italic', variant='normal', weight=400, stretch='normal', size='scalable')) = 11.05
matplotlib.font_manager 2025-04-03 12:58:06,583 DEBUG findfont: score(FontEntry(fname='C:\\Windows\\Fonts\\consolab.ttf', name='Consolas', style='normal', variant='normal', weight=700, stretch='normal', size='scalable')) = 10.335
matplotlib.font_manager 2025-04-03 12:58:06,583 DEBUG findfont: score(FontEntry(fname='C:\\Windows\\Fonts\\CALIFR.TTF', name='Californian FB', style='normal', variant='normal', weight=400, stretch='normal', size='scalable')) = 10.05
matplotlib.font_manager 2025-04-03 12:58:06,583 DEBUG findfont: Matching sans\-serif:style=normal:variant=normal:weight=normal:stretch=normal:size=10.0 to DejaVu Sans ('C:\\Users\\STO_Dev\\AppData\\Local\\Programs\\Python\\Python313\\Lib\\site-packages\\matplotlib\\mpl-data\\fonts\\ttf\\DejaVuSans.ttf') with score of 0.050000.
__main__ 2025-04-03 12:58:06,586 INFO Added plot area to Monitoring tab
__main__ 2025-04-03 12:58:06,586 INFO Processing tab: Utility
__main__ 2025-04-03 12:58:06,589 INFO Creating button for System Info with text: \u2139\ufe0f System Info
__main__ 2025-04-03 12:58:06,590 INFO Creating button for Clear Temp Files with text: \U0001f9f9 Clear Temp Files
__main__ 2025-04-03 12:58:06,596 INFO Creating button for List Users with text: \U0001f465 List Users
__main__ 2025-04-03 12:58:06,601 INFO Creating button for Check Disk Health with text: \U0001f4bf Check Disk Health
__main__ 2025-04-03 12:58:06,606 INFO Creating button for List Environment Vars with text: \U0001f30d List Environment Vars
__main__ 2025-04-03 12:58:06,613 INFO Creating button for File Permissions Viewer with text: \U0001f510 File Permissions Viewer
__main__ 2025-04-03 12:58:06,614 INFO Creating button for Registry Manager with text: \U0001f4c2 Registry Manager
__main__ 2025-04-03 12:58:06,616 INFO Creating button for Shortcut Creator with text: \U0001f517 Shortcut Creator
__main__ 2025-04-03 12:58:06,621 INFO Creating button for Recycle Bin Manager with text: \u267b\ufe0f Recycle Bin Manager
__main__ 2025-04-03 12:58:06,622 INFO Creating button for File Integrity Checker with text: \u2714\ufe0f File Integrity Checker
__main__ 2025-04-03 12:58:06,626 INFO Creating button for Text Encoder/Decoder with text: \U0001f4dd Text Encoder/Decoder
__main__ 2025-04-03 12:58:06,631 INFO Creating button for Screen Capture Tool with text: \U0001f4f8 Screen Capture Tool
__main__ 2025-04-03 12:58:06,636 INFO Creating button for PDF Merger with text: \U0001f4c4 PDF Merger
__main__ 2025-04-03 12:58:06,642 INFO Creating button for Startup Optimizer with text: \u26a1 Startup Optimizer
__main__ 2025-04-03 12:58:06,643 INFO Creating button for Folder Sync with text: \U0001f504 Folder Sync
__main__ 2025-04-03 12:58:06,648 INFO Creating button for Duplicate File Finder with text: \U0001f4c2 Duplicate File Finder
__main__ 2025-04-03 12:58:06,650 INFO Creating button for File Recovery Tool with text: \U0001f504 File Recovery Tool
__main__ 2025-04-03 12:58:06,651 INFO Creating button for System Tray Manager with text: \U0001f5a5\ufe0f System Tray Manager
__main__ 2025-04-03 12:58:06,652 INFO Creating button for Clipboard Manager with text: \U0001f4cb Clipboard Manager
__main__ 2025-04-03 12:58:06,654 INFO Creating button for Batch File Renamer with text: \u270f\ufe0f Batch File Renamer
__main__ 2025-04-03 12:58:06,655 INFO Added 20 buttons to Utility tab
__main__ 2025-04-03 12:58:06,655 INFO Processing tab: Network
__main__ 2025-04-03 12:58:06,657 INFO Creating button for Network Monitor with text: \U0001f310 Network Monitor
__main__ 2025-04-03 12:58:06,658 INFO Creating button for Port Scanner with text: \U0001f50e Port Scanner
__main__ 2025-04-03 12:58:06,664 INFO Creating button for Wi-Fi Analyzer with text: \U0001f4f6 Wi-Fi Analyzer
__main__ 2025-04-03 12:58:06,669 INFO Creating button for DNS Resolver with text: \U0001f310 DNS Resolver
__main__ 2025-04-03 12:58:06,670 INFO Creating button for Packet Sniffer with text: \U0001f4e1 Packet Sniffer
__main__ 2025-04-03 12:58:06,676 INFO Creating button for Bandwidth Limiter with text: \U0001f4cf Bandwidth Limiter
__main__ 2025-04-03 12:58:06,681 INFO Added 6 buttons to Network tab
__main__ 2025-04-03 12:58:06,681 INFO Processing tab: Backup
__main__ 2025-04-03 12:58:06,683 INFO Creating button for Backup Manager with text: \U0001f4be Backup Manager
__main__ 2025-04-03 12:58:06,685 INFO Creating button for Backup Verifier with text: \u2714\ufe0f Backup Verifier
__main__ 2025-04-03 12:58:06,686 INFO Creating button for Backup Scheduler with text: \u23f0 Backup Scheduler
__main__ 2025-04-03 12:58:06,687 INFO Creating button for Differential Backup Tool with text: \U0001f504 Differential Backup Tool
__main__ 2025-04-03 12:58:06,688 INFO Creating button for Backup Encryption Key Manager with text: \U0001f511 Backup Encryption Key Manager
__main__ 2025-04-03 12:58:06,690 INFO Creating button for Cloud Backup Uploader with text: \u2601\ufe0f Cloud Backup Uploader
__main__ 2025-04-03 12:58:06,691 INFO Creating button for Shadow Copy Manager with text: \U0001f4cc Shadow Copy Manager
__main__ 2025-04-03 12:58:06,697 INFO Added 7 buttons to Backup tab
__main__ 2025-04-03 12:58:06,697 INFO Processing tab: Advanced
__main__ 2025-04-03 12:58:06,699 INFO Creating button for System Control with text: \U0001f504 System Control
__main__ 2025-04-03 12:58:06,700 INFO Creating button for DNS Cache Cleaner with text: \U0001f9f9 DNS Cache Cleaner
__main__ 2025-04-03 12:58:06,701 INFO Creating button for Driver Manager with text: \U0001f697 Driver Manager
__main__ 2025-04-03 12:58:06,707 INFO Creating button for Boot Manager with text: \U0001f97e Boot Manager
__main__ 2025-04-03 12:58:06,712 INFO Creating button for Sys Info Export with text: \U0001f4e4 Sys Info Export
__main__ 2025-04-03 12:58:06,717 INFO Creating button for BIOS Info with text: \U0001f5a5\ufe0f BIOS Info
__main__ 2025-04-03 12:58:06,719 INFO Creating button for Remote Desktop Toggle with text: \U0001f5a5\ufe0f Remote Desktop Toggle
__main__ 2025-04-03 12:58:06,720 INFO Creating button for Power Plan Manager with text: \u26a1 Power Plan Manager
__main__ 2025-04-03 12:58:06,721 INFO Creating button for Command History with text: \U0001f4dc Command History
__main__ 2025-04-03 12:58:06,727 INFO Creating button for Group Policy Viewer with text: \U0001f4cb Group Policy Viewer
__main__ 2025-04-03 12:58:06,728 INFO Creating button for Task Kill By Name with text: \u274c Task Kill By Name
__main__ 2025-04-03 12:58:06,730 INFO Creating button for Windows Feature Manager with text: \U0001f6e0\ufe0f Windows Feature Manager
__main__ 2025-04-03 12:58:06,731 INFO Creating button for Multi-Monitor Config with text: \U0001f5a5\ufe0f Multi-Monitor Config
__main__ 2025-04-03 12:58:06,732 INFO Creating button for System Restore Point Creator with text: \U0001f519 System Restore Point Creator
__main__ 2025-04-03 12:58:06,737 INFO Creating button for Event Log Cleaner with text: \U0001f9f9 Event Log Cleaner
__main__ 2025-04-03 12:58:06,739 INFO Creating button for Driver Verifier with text: \U0001f6a6 Driver Verifier
__main__ 2025-04-03 12:58:06,744 INFO Creating button for System File Checker with text: \U0001f6e0\ufe0f System File Checker
__main__ 2025-04-03 12:58:06,745 INFO Creating button for Performance Benchmark with text: \U0001f3c1 Performance Benchmark
__main__ 2025-04-03 12:58:06,759 INFO Creating button for Secure Boot Policy Editor with text: \U0001f510\u2705 Secure Boot Policy Editor
__main__ 2025-04-03 12:58:06,761 INFO Creating button for Network Packet Entropy Analyzer with text: \U0001f4e1\U0001f50d Network Packet Entropy Analyzer
__main__ 2025-04-03 12:58:06,762 INFO Creating button for Browser Password Extractor with text: \U0001f310\U0001f511 Browser Password Extractor
__main__ 2025-04-03 12:58:06,763 INFO Creating button for Windows Credential Manager Extractor with text: \U0001f5a5\ufe0f\U0001f511 Windows Credential Manager Extractor
__main__ 2025-04-03 12:58:06,766 INFO Creating button for Unified Password Aggregator with text: \U0001f4cb\U0001f511 Unified Password Aggregator
__main__ 2025-04-03 12:58:06,767 INFO Creating button for Sniff Browser Activity with text: \U0001f4e1\U0001f440 Sniff Browser Activity
__main__ 2025-04-03 12:58:06,774 INFO Added 24 buttons to Advanced tab
__main__ 2025-04-03 12:58:06,774 INFO Processing tab: IT Support
__main__ 2025-04-03 12:58:06,776 INFO Creating button for Event Log Manager with text: \U0001f4c5 Event Log Manager
__main__ 2025-04-03 12:58:06,782 INFO Creating button for Scheduled Task Manager with text: \u23f3 Scheduled Task Manager
__main__ 2025-04-03 12:58:06,783 INFO Creating button for Remote Assistance Tool with text: \U0001f5a5\ufe0f Remote Assistance Tool
__main__ 2025-04-03 12:58:06,784 INFO Creating button for User Account Manager with text: \U0001f465 User Account Manager
__main__ 2025-04-03 12:58:06,786 INFO Creating button for System Diagnostic Report with text: \U0001f4c8 System Diagnostic Report
__main__ 2025-04-03 12:58:06,787 INFO Creating button for Service Dependency Viewer with text: \U0001f517 Service Dependency Viewer
__main__ 2025-04-03 12:58:06,788 INFO Creating button for Hardware Inventory Tool with text: \U0001f5a5\ufe0f Hardware Inventory Tool
__main__ 2025-04-03 12:58:06,790 INFO Added 7 buttons to IT Support tab
__main__ 2025-04-03 12:58:06,790 INFO Set default tab to Security
__main__ 2025-04-03 12:58:06,790 INFO GUI setup completed successfully
__main__ 2025-04-03 12:58:06,793 INFO Background tasks started
comtypes._post_coinit.unknwn 2025-04-03 12:58:06,806 DEBUG Calling CoUninitialize()
comtypes._post_coinit.unknwn 2025-04-03 12:58:06,806 DEBUG CoUninitialize() done.
__main__ 2025-04-03 13:08:05,932 INFO Program requires admin privileges. Requesting UAC elevation.
comtypes._post_coinit.unknwn 2025-04-03 13:08:08,079 DEBUG Calling CoUninitialize()
comtypes._post_coinit.unknwn 2025-04-03 13:08:08,080 DEBUG CoUninitialize() done.
__main__ 2025-04-03 13:08:10,184 INFO Running with administrative privileges.
__main__ 2025-04-03 13:08:10,184 DEBUG Script started
__main__ 2025-04-03 13:08:10,185 DEBUG Entering main function
__main__ 2025-04-03 13:08:10,295 DEBUG Initializing SlingShot class
__main__ 2025-04-03 13:08:10,391 DEBUG Loading favorites
__main__ 2025-04-03 13:08:10,391 DEBUG Starting GUI setup
__main__ 2025-04-03 13:08:10,391 DEBUG Configuring grid
__main__ 2025-04-03 13:08:10,391 DEBUG Creating top frame
__main__ 2025-04-03 13:08:10,407 DEBUG Adding search entry
__main__ 2025-04-03 13:08:10,416 DEBUG Adding progress bar and label
__main__ 2025-04-03 13:08:10,421 DEBUG Adding command entry and buttons
__main__ 2025-04-03 13:08:10,427 DEBUG Creating left frame
__main__ 2025-04-03 13:08:10,429 DEBUG Adding favorites frame
__main__ 2025-04-03 13:08:10,430 DEBUG Updating favorites display
__main__ 2025-04-03 13:08:10,430 DEBUG Favorites display updated successfully
__main__ 2025-04-03 13:08:10,430 DEBUG Adding logs frame
__main__ 2025-04-03 13:08:10,436 DEBUG Creating main frame
__main__ 2025-04-03 13:08:10,438 DEBUG Creating tabview
__main__ 2025-04-03 13:08:10,441 DEBUG Adding tabs
__main__ 2025-04-03 13:08:10,441 DEBUG Retrieving categories
__main__ 2025-04-03 13:08:10,441 INFO Categories retrieved: ['Security', 'Monitoring', 'Utility', 'Network', 'Backup', 'Advanced', 'IT Support']
__main__ 2025-04-03 13:08:10,453 DEBUG Tabs added: ['Security', 'Monitoring', 'Utility', 'Network', 'Backup', 'Advanced', 'IT Support']
__main__ 2025-04-03 13:08:10,453 DEBUG Adding buttons to tabs
__main__ 2025-04-03 13:08:10,453 DEBUG Retrieving categories
__main__ 2025-04-03 13:08:10,453 INFO Categories retrieved: ['Security', 'Monitoring', 'Utility', 'Network', 'Backup', 'Advanced', 'IT Support']
__main__ 2025-04-03 13:08:10,453 DEBUG Processing tab: Security
__main__ 2025-04-03 13:08:10,456 DEBUG Creating button for Generate Key with text: \U0001f511 Generate Key
__main__ 2025-04-03 13:08:10,875 DEBUG Creating button for Encrypt File with text: \U0001f510 Encrypt File
__main__ 2025-04-03 13:08:10,894 DEBUG Creating button for Decrypt File with text: \U0001f513 Decrypt File
__main__ 2025-04-03 13:08:10,901 DEBUG Creating button for Hash File with text: \U0001f4ca Hash File
__main__ 2025-04-03 13:08:10,913 DEBUG Creating button for AV Status with text: \U0001f6e1\ufe0f AV Status
__main__ 2025-04-03 13:08:10,923 DEBUG Creating button for Firewall Manager with text: \U0001f525 Firewall Manager
__main__ 2025-04-03 13:08:10,932 DEBUG Creating button for Startup Items with text: \U0001f680 Startup Items
__main__ 2025-04-03 13:08:10,954 DEBUG Creating button for Process Manager with text: \u26a0\ufe0f Process Manager
__main__ 2025-04-03 13:08:10,985 DEBUG Creating button for OTP Generator with text: \U0001f522 OTP Generator
__main__ 2025-04-03 13:08:10,993 DEBUG Creating button for Shred File with text: \U0001f5d1\ufe0f Shred File
__main__ 2025-04-03 13:08:11,004 DEBUG Creating button for Vuln Scan with text: \U0001f50d Vuln Scan
__main__ 2025-04-03 13:08:11,012 DEBUG Creating button for Password Manager with text: \U0001f4aa Password Manager
__main__ 2025-04-03 13:08:11,019 DEBUG Creating button for Harden Sys with text: \U0001f6e0\ufe0f Harden Sys
__main__ 2025-04-03 13:08:11,030 DEBUG Creating button for Phishing Detector with text: \U0001f3a3 Phishing Detector
__main__ 2025-04-03 13:08:11,066 DEBUG Creating button for Malware Scanner with text: \U0001f9a0 Malware Scanner
__main__ 2025-04-03 13:08:11,079 DEBUG Creating button for BitLocker Status with text: \U0001f512 BitLocker Status
__main__ 2025-04-03 13:08:11,088 DEBUG Creating button for Secure Boot Check with text: \u2705 Secure Boot Check
__main__ 2025-04-03 13:08:11,091 DEBUG Creating button for Audit Policy Viewer with text: \U0001f4cb Audit Policy Viewer
__main__ 2025-04-03 13:08:11,099 DEBUG Creating button for USB Lockdown with text: \U0001f50c USB Lockdown
__main__ 2025-04-03 13:08:11,110 DEBUG Creating button for Network Intrusion Detection with text: \U0001f575\ufe0f Network Intrusion Detection
__main__ 2025-04-03 13:08:11,126 DEBUG Creating button for User Activity Logger with text: \U0001f464 User Activity Logger
__main__ 2025-04-03 13:08:11,137 DEBUG Creating button for Keylogger Detector with text: \u2328\ufe0f Keylogger Detector
__main__ 2025-04-03 13:08:11,141 DEBUG Creating button for Password Policy Enforcer with text: \U0001f512 Password Policy Enforcer
__main__ 2025-04-03 13:08:11,143 DEBUG Creating button for Secure File Transfer with text: \U0001f4e4 Secure File Transfer
__main__ 2025-04-03 13:08:11,150 DEBUG Creating button for Process Injection Detector with text: \U0001f575\ufe0f\u200d\u2642\ufe0f Process Injection Detector
__main__ 2025-04-03 13:08:11,152 DEBUG Creating button for Kernel Driver Enumerator with text: \U0001f6a8 Kernel Driver Enumerator
__main__ 2025-04-03 13:08:11,172 DEBUG Creating button for Memory Forensics Lite with text: \U0001f9e0 Memory Forensics Lite
__main__ 2025-04-03 13:08:11,188 DEBUG Creating button for Privilege Escalation Checker with text: \U0001f51d Privilege Escalation Checker
__main__ 2025-04-03 13:08:11,195 DEBUG Creating button for Process Hollowing Detector with text: \U0001f47b Process Hollowing Detector
__main__ 2025-04-03 13:08:11,211 DEBUG Added 29 buttons to Security tab
__main__ 2025-04-03 13:08:11,211 DEBUG Processing tab: Monitoring
__main__ 2025-04-03 13:08:11,214 DEBUG Creating button for Resource Monitor with text: \U0001f4c8 Resource Monitor
__main__ 2025-04-03 13:08:11,222 DEBUG Creating button for Service Monitor with text: \U0001f5a5\ufe0f Service Monitor
__main__ 2025-04-03 13:08:11,229 DEBUG Creating button for Memory Leak Detector with text: \U0001f573\ufe0f Memory Leak Detector
__main__ 2025-04-03 13:08:11,236 DEBUG Creating button for Real-Time Alerts with text: \U0001f514 Real-Time Alerts
__main__ 2025-04-03 13:08:11,243 DEBUG Creating button for Process Heatmap with text: \U0001f321\ufe0f Process Heatmap
__main__ 2025-04-03 13:08:11,255 DEBUG Creating button for Network Latency Graph with text: \U0001f4c9 Network Latency Graph
__main__ 2025-04-03 13:08:11,266 DEBUG Creating button for CPU Temperature Monitor with text: \U0001f321\ufe0f CPU Temperature Monitor
__main__ 2025-04-03 13:08:11,268 DEBUG Creating button for Event Log Analyzer with text: \U0001f4ca Event Log Analyzer
__main__ 2025-04-03 13:08:11,269 DEBUG Creating button for Disk I/O Monitor with text: \U0001f4be Disk I/O Monitor
__main__ 2025-04-03 13:08:11,277 DEBUG Creating button for System Uptime Tracker with text: \u23f3 System Uptime Tracker
__main__ 2025-04-03 13:08:11,282 DEBUG Creating button for Alert Scheduler with text: \u23f0 Alert Scheduler
__main__ 2025-04-03 13:08:11,283 DEBUG Creating button for Network Connection Anomaly Detector with text: \U0001f6a8\U0001f310 Network Connection Anomaly Detector
__main__ 2025-04-03 13:08:11,290 DEBUG Creating button for File System Anomaly Scanner with text: \U0001f4c1\U0001f50d File System Anomaly Scanner
__main__ 2025-04-03 13:08:11,297 DEBUG Creating button for Service Behavior Profiler with text: \U0001f5a5\ufe0f\U0001f4ca Service Behavior Profiler
__main__ 2025-04-03 13:08:11,299 DEBUG Creating button for Registry Anomaly Detector with text: \U0001f4c2\U0001f6a8 Registry Anomaly Detector
__main__ 2025-04-03 13:08:11,306 DEBUG Creating button for Thread Stack Analyzer with text: \U0001f9f5 Thread Stack Analyzer
__main__ 2025-04-03 13:08:11,313 DEBUG Creating button for System Call Tracer with text: \U0001f4de System Call Tracer
__main__ 2025-04-03 13:08:11,320 DEBUG Creating button for Dynamic DNS Resolver Monitor with text: \U0001f310\u23f3 Dynamic DNS Resolver Monitor
__main__ 2025-04-03 13:08:11,322 DEBUG Added 18 buttons to Monitoring tab
matplotlib.pyplot 2025-04-03 13:08:11,335 DEBUG Loaded backend tkagg version 8.6.
PIL.PngImagePlugin 2025-04-03 13:08:11,402 DEBUG STREAM b'IHDR' 16 13
PIL.PngImagePlugin 2025-04-03 13:08:11,402 DEBUG STREAM b'sBIT' 41 4
PIL.PngImagePlugin 2025-04-03 13:08:11,402 DEBUG b'sBIT' 41 4 (unknown)
PIL.PngImagePlugin 2025-04-03 13:08:11,403 DEBUG STREAM b'pHYs' 57 9
PIL.PngImagePlugin 2025-04-03 13:08:11,403 DEBUG STREAM b'IDAT' 78 1189
PIL.PngImagePlugin 2025-04-03 13:08:11,408 DEBUG STREAM b'IHDR' 16 13
PIL.PngImagePlugin 2025-04-03 13:08:11,408 DEBUG STREAM b'sBIT' 41 4
PIL.PngImagePlugin 2025-04-03 13:08:11,408 DEBUG b'sBIT' 41 4 (unknown)
PIL.PngImagePlugin 2025-04-03 13:08:11,408 DEBUG STREAM b'pHYs' 57 9
PIL.PngImagePlugin 2025-04-03 13:08:11,408 DEBUG STREAM b'IDAT' 78 2994
PIL.PngImagePlugin 2025-04-03 13:08:11,419 DEBUG STREAM b'IHDR' 16 13
PIL.PngImagePlugin 2025-04-03 13:08:11,419 DEBUG STREAM b'sBIT' 41 4
PIL.PngImagePlugin 2025-04-03 13:08:11,419 DEBUG b'sBIT' 41 4 (unknown)
PIL.PngImagePlugin 2025-04-03 13:08:11,419 DEBUG STREAM b'pHYs' 57 9
PIL.PngImagePlugin 2025-04-03 13:08:11,420 DEBUG STREAM b'IDAT' 78 696
PIL.PngImagePlugin 2025-04-03 13:08:11,422 DEBUG STREAM b'IHDR' 16 13
PIL.PngImagePlugin 2025-04-03 13:08:11,422 DEBUG STREAM b'sBIT' 41 4
PIL.PngImagePlugin 2025-04-03 13:08:11,422 DEBUG b'sBIT' 41 4 (unknown)
PIL.PngImagePlugin 2025-04-03 13:08:11,422 DEBUG STREAM b'pHYs' 57 9
PIL.PngImagePlugin 2025-04-03 13:08:11,422 DEBUG STREAM b'IDAT' 78 526
PIL.PngImagePlugin 2025-04-03 13:08:11,423 DEBUG STREAM b'IHDR' 16 13
PIL.PngImagePlugin 2025-04-03 13:08:11,423 DEBUG STREAM b'sBIT' 41 4
PIL.PngImagePlugin 2025-04-03 13:08:11,423 DEBUG b'sBIT' 41 4 (unknown)
PIL.PngImagePlugin 2025-04-03 13:08:11,423 DEBUG STREAM b'pHYs' 57 9
PIL.PngImagePlugin 2025-04-03 13:08:11,423 DEBUG STREAM b'IDAT' 78 499
PIL.PngImagePlugin 2025-04-03 13:08:11,425 DEBUG STREAM b'IHDR' 16 13
PIL.PngImagePlugin 2025-04-03 13:08:11,425 DEBUG STREAM b'sBIT' 41 4
PIL.PngImagePlugin 2025-04-03 13:08:11,425 DEBUG b'sBIT' 41 4 (unknown)
PIL.PngImagePlugin 2025-04-03 13:08:11,425 DEBUG STREAM b'pHYs' 57 9
PIL.PngImagePlugin 2025-04-03 13:08:11,425 DEBUG STREAM b'IDAT' 78 673
PIL.PngImagePlugin 2025-04-03 13:08:11,427 DEBUG STREAM b'IHDR' 16 13
PIL.PngImagePlugin 2025-04-03 13:08:11,427 DEBUG STREAM b'sBIT' 41 4
PIL.PngImagePlugin 2025-04-03 13:08:11,427 DEBUG b'sBIT' 41 4 (unknown)
PIL.PngImagePlugin 2025-04-03 13:08:11,427 DEBUG STREAM b'pHYs' 57 9
PIL.PngImagePlugin 2025-04-03 13:08:11,427 DEBUG STREAM b'IDAT' 78 922
PIL.PngImagePlugin 2025-04-03 13:08:11,428 DEBUG STREAM b'IHDR' 16 13
PIL.PngImagePlugin 2025-04-03 13:08:11,429 DEBUG STREAM b'sBIT' 41 4
PIL.PngImagePlugin 2025-04-03 13:08:11,429 DEBUG b'sBIT' 41 4 (unknown)
PIL.PngImagePlugin 2025-04-03 13:08:11,429 DEBUG STREAM b'pHYs' 57 9
PIL.PngImagePlugin 2025-04-03 13:08:11,429 DEBUG STREAM b'IDAT' 78 568
PIL.PngImagePlugin 2025-04-03 13:08:11,430 DEBUG STREAM b'IHDR' 16 13
PIL.PngImagePlugin 2025-04-03 13:08:11,430 DEBUG STREAM b'sBIT' 41 4
PIL.PngImagePlugin 2025-04-03 13:08:11,430 DEBUG b'sBIT' 41 4 (unknown)
PIL.PngImagePlugin 2025-04-03 13:08:11,430 DEBUG STREAM b'pHYs' 57 9
PIL.PngImagePlugin 2025-04-03 13:08:11,430 DEBUG STREAM b'IDAT' 78 626
matplotlib.font_manager 2025-04-03 13:08:11,438 DEBUG findfont: Matching sans\-serif:style=normal:variant=normal:weight=normal:stretch=normal:size=10.0.
matplotlib.font_manager 2025-04-03 13:08:11,438 DEBUG findfont: score(FontEntry(fname='C:\\Users\\STO_Dev\\AppData\\Local\\Programs\\Python\\Python313\\Lib\\site-packages\\matplotlib\\mpl-data\\fonts\\ttf\\DejaVuSansMono-Bold.ttf', name='DejaVu Sans Mono', style='normal', variant='normal', weight=700, stretch='normal', size='scalable')) = 10.335
matplotlib.font_manager 2025-04-03 13:08:11,438 DEBUG findfont: score(FontEntry(fname='C:\\Users\\STO_Dev\\AppData\\Local\\Programs\\Python\\Python313\\Lib\\site-packages\\matplotlib\\mpl-data\\fonts\\ttf\\STIXSizOneSymReg.ttf', name='STIXSizeOneSym', style='normal', variant='normal', weight=400, stretch='normal', size='scalable')) = 10.05
matplotlib.font_manager 2025-04-03 13:08:11,438 DEBUG findfont: score(FontEntry(fname='C:\\Users\\STO_Dev\\AppData\\Local\\Programs\\Python\\Python313\\Lib\\site-packages\\matplotlib\\mpl-data\\fonts\\ttf\\STIXGeneral.ttf', name='STIXGeneral', style='normal', variant='normal', weight=400, stretch='normal', size='scalable')) = 10.05
matplotlib.font_manager 2025-04-03 13:08:11,438 DEBUG findfont: score(FontEntry(fname='C:\\Users\\STO_Dev\\AppData\\Local\\Programs\\Python\\Python313\\Lib\\site-packages\\matplotlib\\mpl-data\\fonts\\ttf\\DejaVuSansDisplay.ttf', name='DejaVu Sans Display', style='normal', variant='normal', weight=400, stretch='normal', size='scalable')) = 10.05
matplotlib.font_manager 2025-04-03 13:08:11,438 DEBUG findfont: score(FontEntry(fname='C:\\Users\\STO_Dev\\AppData\\Local\\Programs\\Python\\Python313\\Lib\\site-packages\\matplotlib\\mpl-data\\fonts\\ttf\\STIXSizFiveSymReg.ttf', name='STIXSizeFiveSym', style='normal', variant='normal', weight=400, stretch='normal', size='scalable')) = 10.05
matplotlib.font_manager 2025-04-03 13:08:11,439 DEBUG findfont: score(FontEntry(fname='C:\\Users\\STO_Dev\\AppData\\Local\\Programs\\Python\\Python313\\Lib\\site-packages\\matplotlib\\mpl-data\\fonts\\ttf\\cmss10.ttf', name='cmss10', style='normal', variant='normal', weight=400, stretch='normal', size='scalable')) = 10.05
matplotlib.font_manager 2025-04-03 13:08:11,439 DEBUG findfont: score(FontEntry(fname='C:\\Users\\STO_Dev\\AppData\\Local\\Programs\\Python\\Python313\\Lib\\site-packages\\matplotlib\\mpl-data\\fonts\\ttf\\STIXSizFourSymReg.ttf', name='STIXSizeFourSym', style='normal', variant='normal', weight=400, stretch='normal', size='scalable')) = 10.05
matplotlib.font_manager 2025-04-03 13:08:11,439 DEBUG findfont: score(FontEntry(fname='C:\\Users\\STO_Dev\\AppData\\Local\\Programs\\Python\\Python313\\Lib\\site-packages\\matplotlib\\mpl-data\\fonts\\ttf\\STIXSizThreeSymBol.ttf', name='STIXSizeThreeSym', style='normal', variant='normal', weight=700, stretch='normal', size='scalable')) = 10.335
matplotlib.font_manager 2025-04-03 13:08:11,439 DEBUG findfont: score(FontEntry(fname='C:\\Users\\STO_Dev\\AppData\\Local\\Programs\\Python\\Python313\\Lib\\site-packages\\matplotlib\\mpl-data\\fonts\\ttf\\cmb10.ttf', name='cmb10', style='normal', variant='normal', weight=400, stretch='normal', size='scalable')) = 10.05
matplotlib.font_manager 2025-04-03 13:08:11,439 DEBUG findfont: score(FontEntry(fname='C:\\Users\\STO_Dev\\AppData\\Local\\Programs\\Python\\Python313\\Lib\\site-packages\\matplotlib\\mpl-data\\fonts\\ttf\\cmmi10.ttf', name='cmmi10', style='normal', variant='normal', weight=400, stretch='normal', size='scalable')) = 10.05
matplotlib.font_manager 2025-04-03 13:08:11,439 DEBUG findfont: score(FontEntry(fname='C:\\Users\\STO_Dev\\AppData\\Local\\Programs\\Python\\Python313\\Lib\\site-packages\\matplotlib\\mpl-data\\fonts\\ttf\\cmex10.ttf', name='cmex10', style='normal', variant='normal', weight=400, stretch='normal', size='scalable')) = 10.05
matplotlib.font_manager 2025-04-03 13:08:11,439 DEBUG findfont: score(FontEntry(fname='C:\\Users\\STO_Dev\\AppData\\Local\\Programs\\Python\\Python313\\Lib\\site-packages\\matplotlib\\mpl-data\\fonts\\ttf\\DejaVuSansMono.ttf', name='DejaVu Sans Mono', style='normal', variant='normal', weight=400, stretch='normal', size='scalable')) = 10.05
matplotlib.font_manager 2025-04-03 13:08:11,439 DEBUG findfont: score(FontEntry(fname='C:\\Users\\STO_Dev\\AppData\\Local\\Programs\\Python\\Python313\\Lib\\site-packages\\matplotlib\\mpl-data\\fonts\\ttf\\STIXSizFourSymBol.ttf', name='STIXSizeFourSym', style='normal', variant='normal', weight=700, stretch='normal', size='scalable')) = 10.335
matplotlib.font_manager 2025-04-03 13:08:11,439 DEBUG findfont: score(FontEntry(fname='C:\\Users\\STO_Dev\\AppData\\Local\\Programs\\Python\\Python313\\Lib\\site-packages\\matplotlib\\mpl-data\\fonts\\ttf\\DejaVuSerif-Bold.ttf', name='DejaVu Serif', style='normal', variant='normal', weight=700, stretch='normal', size='scalable')) = 10.335
matplotlib.font_manager 2025-04-03 13:08:11,439 DEBUG findfont: score(FontEntry(fname='C:\\Users\\STO_Dev\\AppData\\Local\\Programs\\Python\\Python313\\Lib\\site-packages\\matplotlib\\mpl-data\\fonts\\ttf\\DejaVuSerif-BoldItalic.ttf', name='DejaVu Serif', style='italic', variant='normal', weight=700, stretch='normal', size='scalable')) = 11.335
matplotlib.font_manager 2025-04-03 13:08:11,439 DEBUG findfont: score(FontEntry(fname='C:\\Users\\STO_Dev\\AppData\\Local\\Programs\\Python\\Python313\\Lib\\site-packages\\matplotlib\\mpl-data\\fonts\\ttf\\DejaVuSerif-Italic.ttf', name='DejaVu Serif', style='italic', variant='normal', weight=400, stretch='normal', size='scalable')) = 11.05
matplotlib.font_manager 2025-04-03 13:08:11,439 DEBUG findfont: score(FontEntry(fname='C:\\Users\\STO_Dev\\AppData\\Local\\Programs\\Python\\Python313\\Lib\\site-packages\\matplotlib\\mpl-data\\fonts\\ttf\\STIXNonUniBol.ttf', name='STIXNonUnicode', style='normal', variant='normal', weight=700, stretch='normal', size='scalable')) = 10.335
matplotlib.font_manager 2025-04-03 13:08:11,439 DEBUG findfont: score(FontEntry(fname='C:\\Users\\STO_Dev\\AppData\\Local\\Programs\\Python\\Python313\\Lib\\site-packages\\matplotlib\\mpl-data\\fonts\\ttf\\DejaVuSerif.ttf', name='DejaVu Serif', style='normal', variant='normal', weight=400, stretch='normal', size='scalable')) = 10.05
matplotlib.font_manager 2025-04-03 13:08:11,439 DEBUG findfont: score(FontEntry(fname='C:\\Users\\STO_Dev\\AppData\\Local\\Programs\\Python\\Python313\\Lib\\site-packages\\matplotlib\\mpl-data\\fonts\\ttf\\cmr10.ttf', name='cmr10', style='normal', variant='normal', weight=400, stretch='normal', size='scalable')) = 10.05
matplotlib.font_manager 2025-04-03 13:08:11,439 DEBUG findfont: score(FontEntry(fname='C:\\Users\\STO_Dev\\AppData\\Local\\Programs\\Python\\Python313\\Lib\\site-packages\\matplotlib\\mpl-data\\fonts\\ttf\\STIXSizOneSymBol.ttf', name='STIXSizeOneSym', style='normal', variant='normal', weight=700, stretch='normal', size='scalable')) = 10.335
matplotlib.font_manager 2025-04-03 13:08:11,439 DEBUG findfont: score(FontEntry(fname='C:\\Users\\STO_Dev\\AppData\\Local\\Programs\\Python\\Python313\\Lib\\site-packages\\matplotlib\\mpl-data\\fonts\\ttf\\STIXNonUniIta.ttf', name='STIXNonUnicode', style='italic', variant='normal', weight=400, stretch='normal', size='scalable')) = 11.05
matplotlib.font_manager 2025-04-03 13:08:11,439 DEBUG findfont: score(FontEntry(fname='C:\\Users\\STO_Dev\\AppData\\Local\\Programs\\Python\\Python313\\Lib\\site-packages\\matplotlib\\mpl-data\\fonts\\ttf\\STIXSizTwoSymReg.ttf', name='STIXSizeTwoSym', style='normal', variant='normal', weight=400, stretch='normal', size='scalable')) = 10.05
matplotlib.font_manager 2025-04-03 13:08:11,439 DEBUG findfont: score(FontEntry(fname='C:\\Users\\STO_Dev\\AppData\\Local\\Programs\\Python\\Python313\\Lib\\site-packages\\matplotlib\\mpl-data\\fonts\\ttf\\cmsy10.ttf', name='cmsy10', style='normal', variant='normal', weight=400, stretch='normal', size='scalable')) = 10.05
matplotlib.font_manager 2025-04-03 13:08:11,439 DEBUG findfont: score(FontEntry(fname='C:\\Users\\STO_Dev\\AppData\\Local\\Programs\\Python\\Python313\\Lib\\site-packages\\matplotlib\\mpl-data\\fonts\\ttf\\cmtt10.ttf', name='cmtt10', style='normal', variant='normal', weight=400, stretch='normal', size='scalable')) = 10.05
matplotlib.font_manager 2025-04-03 13:08:11,439 DEBUG findfont: score(FontEntry(fname='C:\\Users\\STO_Dev\\AppData\\Local\\Programs\\Python\\Python313\\Lib\\site-packages\\matplotlib\\mpl-data\\fonts\\ttf\\DejaVuSerifDisplay.ttf', name='DejaVu Serif Display', style='normal', variant='normal', weight=400, stretch='normal', size='scalable')) = 10.05
matplotlib.font_manager 2025-04-03 13:08:11,440 DEBUG findfont: score(FontEntry(fname='C:\\Users\\STO_Dev\\AppData\\Local\\Programs\\Python\\Python313\\Lib\\site-packages\\matplotlib\\mpl-data\\fonts\\ttf\\STIXNonUniBolIta.ttf', name='STIXNonUnicode', style='italic', variant='normal', weight=700, stretch='normal', size='scalable')) = 11.335
matplotlib.font_manager 2025-04-03 13:08:11,440 DEBUG findfont: score(FontEntry(fname='C:\\Users\\STO_Dev\\AppData\\Local\\Programs\\Python\\Python313\\Lib\\site-packages\\matplotlib\\mpl-data\\fonts\\ttf\\STIXSizTwoSymBol.ttf', name='STIXSizeTwoSym', style='normal', variant='normal', weight=700, stretch='normal', size='scalable')) = 10.335
matplotlib.font_manager 2025-04-03 13:08:11,440 DEBUG findfont: score(FontEntry(fname='C:\\Users\\STO_Dev\\AppData\\Local\\Programs\\Python\\Python313\\Lib\\site-packages\\matplotlib\\mpl-data\\fonts\\ttf\\DejaVuSansMono-BoldOblique.ttf', name='DejaVu Sans Mono', style='oblique', variant='normal', weight=700, stretch='normal', size='scalable')) = 11.335
matplotlib.font_manager 2025-04-03 13:08:11,440 DEBUG findfont: score(FontEntry(fname='C:\\Users\\STO_Dev\\AppData\\Local\\Programs\\Python\\Python313\\Lib\\site-packages\\matplotlib\\mpl-data\\fonts\\ttf\\DejaVuSansMono-Oblique.ttf', name='DejaVu Sans Mono', style='oblique', variant='normal', weight=400, stretch='normal', size='scalable')) = 11.05
matplotlib.font_manager 2025-04-03 13:08:11,440 DEBUG findfont: score(FontEntry(fname='C:\\Users\\STO_Dev\\AppData\\Local\\Programs\\Python\\Python313\\Lib\\site-packages\\matplotlib\\mpl-data\\fonts\\ttf\\STIXGeneralBol.ttf', name='STIXGeneral', style='normal', variant='normal', weight=700, stretch='normal', size='scalable')) = 10.335
matplotlib.font_manager 2025-04-03 13:08:11,440 DEBUG findfont: score(FontEntry(fname='C:\\Users\\STO_Dev\\AppData\\Local\\Programs\\Python\\Python313\\Lib\\site-packages\\matplotlib\\mpl-data\\fonts\\ttf\\STIXNonUni.ttf', name='STIXNonUnicode', style='normal', variant='normal', weight=400, stretch='normal', size='scalable')) = 10.05
matplotlib.font_manager 2025-04-03 13:08:11,440 DEBUG findfont: score(FontEntry(fname='C:\\Users\\STO_Dev\\AppData\\Local\\Programs\\Python\\Python313\\Lib\\site-packages\\matplotlib\\mpl-data\\fonts\\ttf\\DejaVuSans-Oblique.ttf', name='DejaVu Sans', style='oblique', variant='normal', weight=400, stretch='normal', size='scalable')) = 1.05
matplotlib.font_manager 2025-04-03 13:08:11,440 DEBUG findfont: score(FontEntry(fname='C:\\Users\\STO_Dev\\AppData\\Local\\Programs\\Python\\Python313\\Lib\\site-packages\\matplotlib\\mpl-data\\fonts\\ttf\\DejaVuSans-BoldOblique.ttf', name='DejaVu Sans', style='oblique', variant='normal', weight=700, stretch='normal', size='scalable')) = 1.335
matplotlib.font_manager 2025-04-03 13:08:11,440 DEBUG findfont: score(FontEntry(fname='C:\\Users\\STO_Dev\\AppData\\Local\\Programs\\Python\\Python313\\Lib\\site-packages\\matplotlib\\mpl-data\\fonts\\ttf\\DejaVuSans.ttf', name='DejaVu Sans', style='normal', variant='normal', weight=400, stretch='normal', size='scalable')) = 0.05
matplotlib.font_manager 2025-04-03 13:08:11,440 DEBUG findfont: score(FontEntry(fname='C:\\Users\\STO_Dev\\AppData\\Local\\Programs\\Python\\Python313\\Lib\\site-packages\\matplotlib\\mpl-data\\fonts\\ttf\\DejaVuSans-Bold.ttf', name='DejaVu Sans', style='normal', variant='normal', weight=700, stretch='normal', size='scalable')) = 0.33499999999999996
matplotlib.font_manager 2025-04-03 13:08:11,440 DEBUG findfont: score(FontEntry(fname='C:\\Users\\STO_Dev\\AppData\\Local\\Programs\\Python\\Python313\\Lib\\site-packages\\matplotlib\\mpl-data\\fonts\\ttf\\STIXSizThreeSymReg.ttf', name='STIXSizeThreeSym', style='normal', variant='normal', weight=400, stretch='normal', size='scalable')) = 10.05
matplotlib.font_manager 2025-04-03 13:08:11,440 DEBUG findfont: score(FontEntry(fname='C:\\Users\\STO_Dev\\AppData\\Local\\Programs\\Python\\Python313\\Lib\\site-packages\\matplotlib\\mpl-data\\fonts\\ttf\\STIXGeneralBolIta.ttf', name='STIXGeneral', style='italic', variant='normal', weight=700, stretch='normal', size='scalable')) = 11.335
matplotlib.font_manager 2025-04-03 13:08:11,440 DEBUG findfont: score(FontEntry(fname='C:\\Users\\STO_Dev\\AppData\\Local\\Programs\\Python\\Python313\\Lib\\site-packages\\matplotlib\\mpl-data\\fonts\\ttf\\STIXGeneralItalic.ttf', name='STIXGeneral', style='italic', variant='normal', weight=400, stretch='normal', size='scalable')) = 11.05
matplotlib.font_manager 2025-04-03 13:08:11,440 DEBUG findfont: score(FontEntry(fname='C:\\Windows\\Fonts\\gadugib.ttf', name='Gadugi', style='normal', variant='normal', weight=700, stretch='normal', size='scalable')) = 10.335
matplotlib.font_manager 2025-04-03 13:08:11,440 DEBUG findfont: score(FontEntry(fname='C:\\Windows\\Fonts\\himalaya.ttf', name='Microsoft Himalaya', style='normal', variant='normal', weight=400, stretch='normal', size='scalable')) = 10.05
matplotlib.font_manager 2025-04-03 13:08:11,440 DEBUG findfont: score(FontEntry(fname='C:\\Windows\\Fonts\\LSANSDI.TTF', name='Lucida Sans', style='italic', variant='normal', weight=600, stretch='normal', size='scalable')) = 11.24
matplotlib.font_manager 2025-04-03 13:08:11,440 DEBUG findfont: score(FontEntry(fname='C:\\Windows\\Fonts\\timesi.ttf', name='Times New Roman', style='italic', variant='normal', weight=400, stretch='normal', size='scalable')) = 11.05
matplotlib.font_manager 2025-04-03 13:08:11,440 DEBUG findfont: score(FontEntry(fname='C:\\Windows\\Fonts\\ROCKB.TTF', name='Rockwell', style='normal', variant='normal', weight=700, stretch='normal', size='scalable')) = 10.335
matplotlib.font_manager 2025-04-03 13:08:11,440 DEBUG findfont: score(FontEntry(fname='C:\\Windows\\Fonts\\mmrtext.ttf', name='Myanmar Text', style='normal', variant='normal', weight=400, stretch='normal', size='scalable')) = 10.05
matplotlib.font_manager 2025-04-03 13:08:11,440 DEBUG findfont: score(FontEntry(fname='C:\\Windows\\Fonts\\courbd.ttf', name='Courier New', style='normal', variant='normal', weight=700, stretch='normal', size='scalable')) = 10.335
matplotlib.font_manager 2025-04-03 13:08:11,440 DEBUG findfont: score(FontEntry(fname='C:\\Windows\\Fonts\\BRUSHSCI.TTF', name='Brush Script MT', style='italic', variant='normal', weight=400, stretch='normal', size='scalable')) = 11.05
matplotlib.font_manager 2025-04-03 13:08:11,440 DEBUG findfont: score(FontEntry(fname='C:\\Windows\\Fonts\\BOD_CB.TTF', name='Bodoni MT', style='normal', variant='normal', weight=700, stretch='condensed', size='scalable')) = 10.535
matplotlib.font_manager 2025-04-03 13:08:11,440 DEBUG findfont: score(FontEntry(fname='C:\\Windows\\Fonts\\IMPRISHA.TTF', name='Imprint MT Shadow', style='normal', variant='normal', weight=400, stretch='normal', size='scalable')) = 10.05
matplotlib.font_manager 2025-04-03 13:08:11,441 DEBUG findfont: score(FontEntry(fname='C:\\Windows\\Fonts\\CALISTI.TTF', name='Calisto MT', style='italic', variant='normal', weight=400, stretch='normal', size='scalable')) = 11.05
matplotlib.font_manager 2025-04-03 13:08:11,441 DEBUG findfont: score(FontEntry(fname='C:\\Windows\\Fonts\\FORTE.TTF', name='Forte', style='normal', variant='normal', weight=400, stretch='normal', size='scalable')) = 10.05
matplotlib.font_manager 2025-04-03 13:08:11,441 DEBUG findfont: score(FontEntry(fname='C:\\Windows\\Fonts\\PRISTINA.TTF', name='Pristina', style='normal', variant='normal', weight=400, stretch='normal', size='scalable')) = 10.05
matplotlib.font_manager 2025-04-03 13:08:11,441 DEBUG findfont: score(FontEntry(fname='C:\\Windows\\Fonts\\TCM_____.TTF', name='Tw Cen MT', style='normal', variant='normal', weight=400, stretch='normal', size='scalable')) = 10.05
matplotlib.font_manager 2025-04-03 13:08:11,441 DEBUG findfont: score(FontEntry(fname='C:\\Windows\\Fonts\\LSANS.TTF', name='Lucida Sans', style='normal', variant='normal', weight=400, stretch='normal', size='scalable')) = 10.05
matplotlib.font_manager 2025-04-03 13:08:11,441 DEBUG findfont: score(FontEntry(fname='C:\\Windows\\Fonts\\BKANT.TTF', name='Book Antiqua', style='normal', variant='normal', weight=400, stretch='normal', size='scalable')) = 10.05
matplotlib.font_manager 2025-04-03 13:08:11,441 DEBUG findfont: score(FontEntry(fname='C:\\Windows\\Fonts\\georgiab.ttf', name='Georgia', style='normal', variant='normal', weight=700, stretch='normal', size='scalable')) = 10.335
matplotlib.font_manager 2025-04-03 13:08:11,441 DEBUG findfont: score(FontEntry(fname='C:\\Windows\\Fonts\\RAGE.TTF', name='Rage Italic', style='italic', variant='normal', weight=400, stretch='normal', size='scalable')) = 11.05
matplotlib.font_manager 2025-04-03 13:08:11,441 DEBUG findfont: score(FontEntry(fname='C:\\Windows\\Fonts\\SegUIVar.ttf', name='Segoe UI Variable', style='normal', variant='normal', weight=400, stretch='normal', size='scalable')) = 10.05
matplotlib.font_manager 2025-04-03 13:08:11,441 DEBUG findfont: score(FontEntry(fname='C:\\Windows\\Fonts\\LEELAWAD.TTF', name='Leelawadee', style='normal', variant='normal', weight=400, stretch='normal', size='scalable')) = 10.05
matplotlib.font_manager 2025-04-03 13:08:11,441 DEBUG findfont: score(FontEntry(fname='C:\\Windows\\Fonts\\tahoma.ttf', name='Tahoma', style='normal', variant='normal', weight=400, stretch='normal', size='scalable')) = 10.05
matplotlib.font_manager 2025-04-03 13:08:11,441 DEBUG findfont: score(FontEntry(fname='C:\\Windows\\Fonts\\consolaz.ttf', name='Consolas', style='italic', variant='normal', weight=700, stretch='normal', size='scalable')) = 11.335
matplotlib.font_manager 2025-04-03 13:08:11,441 DEBUG findfont: score(FontEntry(fname='C:\\Windows\\Fonts\\TEMPSITC.TTF', name='Tempus Sans ITC', style='normal', variant='normal', weight=400, stretch='normal', size='scalable')) = 10.05
matplotlib.font_manager 2025-04-03 13:08:11,441 DEBUG findfont: score(FontEntry(fname='C:\\Windows\\Fonts\\malgun.ttf', name='Malgun Gothic', style='normal', variant='normal', weight=400, stretch='normal', size='scalable')) = 10.05
matplotlib.font_manager 2025-04-03 13:08:11,441 DEBUG findfont: score(FontEntry(fname='C:\\Windows\\Fonts\\segoeuib.ttf', name='Segoe UI', style='normal', variant='normal', weight=700, stretch='normal', size='scalable')) = 10.335
matplotlib.font_manager 2025-04-03 13:08:11,441 DEBUG findfont: score(FontEntry(fname='C:\\Windows\\Fonts\\wingding.ttf', name='Wingdings', style='normal', variant='normal', weight=400, stretch='normal', size='scalable')) = 10.05
matplotlib.font_manager 2025-04-03 13:08:11,441 DEBUG findfont: score(FontEntry(fname='C:\\Windows\\Fonts\\BRLNSDB.TTF', name='Berlin Sans FB Demi', style='normal', variant='normal', weight=700, stretch='normal', size='scalable')) = 10.335
matplotlib.font_manager 2025-04-03 13:08:11,441 DEBUG findfont: score(FontEntry(fname='C:\\Windows\\Fonts\\GOUDOS.TTF', name='Goudy Old Style', style='normal', variant='normal', weight=400, stretch='normal', size='scalable')) = 10.05
matplotlib.font_manager 2025-04-03 13:08:11,441 DEBUG findfont: score(FontEntry(fname='C:\\Windows\\Fonts\\ARIALNI.TTF', name='Arial', style='italic', variant='normal', weight=400, stretch='condensed', size='scalable')) = 7.613636363636363
matplotlib.font_manager 2025-04-03 13:08:11,441 DEBUG findfont: score(FontEntry(fname='C:\\Windows\\Fonts\\AGENCYR.TTF', name='Agency FB', style='normal', variant='normal', weight=400, stretch='normal', size='scalable')) = 10.05
matplotlib.font_manager 2025-04-03 13:08:11,441 DEBUG findfont: score(FontEntry(fname='C:\\Windows\\Fonts\\CALIST.TTF', name='Calisto MT', style='normal', variant='normal', weight=400, stretch='normal', size='scalable')) = 10.05
matplotlib.font_manager 2025-04-03 13:08:11,441 DEBUG findfont: score(FontEntry(fname='C:\\Windows\\Fonts\\CASTELAR.TTF', name='Castellar', style='normal', variant='normal', weight=400, stretch='normal', size='scalable')) = 10.05
matplotlib.font_manager 2025-04-03 13:08:11,441 DEBUG findfont: score(FontEntry(fname='C:\\Windows\\Fonts\\HARNGTON.TTF', name='Harrington', style='normal', variant='normal', weight=400, stretch='normal', size='scalable')) = 10.05
matplotlib.font_manager 2025-04-03 13:08:11,442 DEBUG findfont: score(FontEntry(fname='C:\\Windows\\Fonts\\FRABK.TTF', name='Franklin Gothic Book', style='normal', variant='normal', weight=400, stretch='normal', size='scalable')) = 10.05
matplotlib.font_manager 2025-04-03 13:08:11,442 DEBUG findfont: score(FontEntry(fname='C:\\Windows\\Fonts\\seguili.ttf', name='Segoe UI', style='italic', variant='normal', weight=300, stretch='normal', size='scalable')) = 11.145
matplotlib.font_manager 2025-04-03 13:08:11,442 DEBUG findfont: score(FontEntry(fname='C:\\Windows\\Fonts\\STENCIL.TTF', name='Stencil', style='normal', variant='normal', weight=400, stretch='normal', size='scalable')) = 10.05
matplotlib.font_manager 2025-04-03 13:08:11,442 DEBUG findfont: score(FontEntry(fname='C:\\Windows\\Fonts\\GLSNECB.TTF', name='Gill Sans MT Ext Condensed Bold', style='normal', variant='normal', weight=400, stretch='condensed', size='scalable')) = 10.25
matplotlib.font_manager 2025-04-03 13:08:11,442 DEBUG findfont: score(FontEntry(fname='C:\\Windows\\Fonts\\LFAXD.TTF', name='Lucida Fax', style='normal', variant='normal', weight=600, stretch='normal', size='scalable')) = 10.24
matplotlib.font_manager 2025-04-03 13:08:11,442 DEBUG findfont: score(FontEntry(fname='C:\\Windows\\Fonts\\VINERITC.TTF', name='Viner Hand ITC', style='normal', variant='normal', weight=400, stretch='normal', size='scalable')) = 10.05
matplotlib.font_manager 2025-04-03 13:08:11,442 DEBUG findfont: score(FontEntry(fname='C:\\Windows\\Fonts\\msgothic.ttc', name='MS Gothic', style='normal', variant='normal', weight=400, stretch='normal', size='scalable')) = 10.05
matplotlib.font_manager 2025-04-03 13:08:11,442 DEBUG findfont: score(FontEntry(fname='C:\\Windows\\Fonts\\segoescb.ttf', name='Segoe Script', style='normal', variant='normal', weight=700, stretch='normal', size='scalable')) = 10.335
matplotlib.font_manager 2025-04-03 13:08:11,442 DEBUG findfont: score(FontEntry(fname='C:\\Windows\\Fonts\\ERASMD.TTF', name='Eras Medium ITC', style='normal', variant='normal', weight=400, stretch='normal', size='scalable')) = 10.05
matplotlib.font_manager 2025-04-03 13:08:11,442 DEBUG findfont: score(FontEntry(fname='C:\\Windows\\Fonts\\georgiaz.ttf', name='Georgia', style='italic', variant='normal', weight=700, stretch='normal', size='scalable')) = 11.335
matplotlib.font_manager 2025-04-03 13:08:11,442 DEBUG findfont: score(FontEntry(fname='C:\\Windows\\Fonts\\NirmalaB.ttf', name='Nirmala UI', style='normal', variant='normal', weight=700, stretch='normal', size='scalable')) = 10.335
matplotlib.font_manager 2025-04-03 13:08:11,442 DEBUG findfont: score(FontEntry(fname='C:\\Windows\\Fonts\\seguisli.ttf', name='Segoe UI', style='italic', variant='normal', weight=350, stretch='normal', size='scalable')) = 11.0975
matplotlib.font_manager 2025-04-03 13:08:11,442 DEBUG findfont: score(FontEntry(fname='C:\\Windows\\Fonts\\ROCK.TTF', name='Rockwell', style='normal', variant='normal', weight=400, stretch='normal', size='scalable')) = 10.05
matplotlib.font_manager 2025-04-03 13:08:11,442 DEBUG findfont: score(FontEntry(fname='C:\\Windows\\Fonts\\l_10646.ttf', name='Lucida Sans Unicode', style='normal', variant='normal', weight=400, stretch='normal', size='scalable')) = 10.05
matplotlib.font_manager 2025-04-03 13:08:11,442 DEBUG findfont: score(FontEntry(fname='C:\\Windows\\Fonts\\FRADMIT.TTF', name='Franklin Gothic Demi', style='italic', variant='normal', weight=400, stretch='normal', size='scalable')) = 11.05
matplotlib.font_manager 2025-04-03 13:08:11,442 DEBUG findfont: score(FontEntry(fname='C:\\Windows\\Fonts\\ARIALNBI.TTF', name='Arial', style='italic', variant='normal', weight=700, stretch='condensed', size='scalable')) = 7.8986363636363635
matplotlib.font_manager 2025-04-03 13:08:11,442 DEBUG findfont: score(FontEntry(fname='C:\\Windows\\Fonts\\LeelUIsl.ttf', name='Leelawadee UI', style='normal', variant='normal', weight=350, stretch='normal', size='scalable')) = 10.0975
matplotlib.font_manager 2025-04-03 13:08:11,442 DEBUG findfont: score(FontEntry(fname='C:\\Windows\\Fonts\\SCHLBKB.TTF', name='Century Schoolbook', style='normal', variant='normal', weight=700, stretch='normal', size='scalable')) = 10.335
matplotlib.font_manager 2025-04-03 13:08:11,442 DEBUG findfont: score(FontEntry(fname='C:\\Windows\\Fonts\\FELIXTI.TTF', name='Felix Titling', style='normal', variant='normal', weight=400, stretch='normal', size='scalable')) = 10.05
matplotlib.font_manager 2025-04-03 13:08:11,442 DEBUG findfont: score(FontEntry(fname='C:\\Windows\\Fonts\\SimsunExtG.ttf', name='SimSun-ExtG', style='normal', variant='normal', weight=400, stretch='normal', size='scalable')) = 10.05
matplotlib.font_manager 2025-04-03 13:08:11,442 DEBUG findfont: score(FontEntry(fname='C:\\Windows\\Fonts\\GIGI.TTF', name='Gigi', style='normal', variant='normal', weight=400, stretch='normal', size='scalable')) = 10.05
matplotlib.font_manager 2025-04-03 13:08:11,442 DEBUG findfont: score(FontEntry(fname='C:\\Windows\\Fonts\\SansSerifCollection.ttf', name='Sans Serif Collection', style='normal', variant='normal', weight=400, stretch='normal', size='scalable')) = 10.05
matplotlib.font_manager 2025-04-03 13:08:11,443 DEBUG findfont: score(FontEntry(fname='C:\\Windows\\Fonts\\ntailu.ttf', name='Microsoft New Tai Lue', style='normal', variant='normal', weight=400, stretch='normal', size='scalable')) = 10.05
matplotlib.font_manager 2025-04-03 13:08:11,443 DEBUG findfont: score(FontEntry(fname='C:\\Windows\\Fonts\\segoeui.ttf', name='Segoe UI', style='normal', variant='normal', weight=400, stretch='normal', size='scalable')) = 10.05
matplotlib.font_manager 2025-04-03 13:08:11,443 DEBUG findfont: score(FontEntry(fname='C:\\Windows\\Fonts\\BOD_B.TTF', name='Bodoni MT', style='normal', variant='normal', weight=700, stretch='normal', size='scalable')) = 10.335
matplotlib.font_manager 2025-04-03 13:08:11,443 DEBUG findfont: score(FontEntry(fname='C:\\Windows\\Fonts\\ariali.ttf', name='Arial', style='italic', variant='normal', weight=400, stretch='normal', size='scalable')) = 7.413636363636363
matplotlib.font_manager 2025-04-03 13:08:11,443 DEBUG findfont: score(FontEntry(fname='C:\\Windows\\Fonts\\COPRGTB.TTF', name='Copperplate Gothic Bold', style='normal', variant='normal', weight=400, stretch='normal', size='scalable')) = 10.05
matplotlib.font_manager 2025-04-03 13:08:11,443 DEBUG findfont: score(FontEntry(fname='C:\\Windows\\Fonts\\FRADM.TTF', name='Franklin Gothic Demi', style='normal', variant='normal', weight=400, stretch='normal', size='scalable')) = 10.05
matplotlib.font_manager 2025-04-03 13:08:11,443 DEBUG findfont: score(FontEntry(fname='C:\\Windows\\Fonts\\DUBAI-LIGHT.TTF', name='Dubai', style='normal', variant='normal', weight=300, stretch='normal', size='scalable')) = 10.145
matplotlib.font_manager 2025-04-03 13:08:11,443 DEBUG findfont: score(FontEntry(fname='C:\\Windows\\Fonts\\NIAGENG.TTF', name='Niagara Engraved', style='normal', variant='normal', weight=400, stretch='normal', size='scalable')) = 10.05
matplotlib.font_manager 2025-04-03 13:08:11,443 DEBUG findfont: score(FontEntry(fname='C:\\Windows\\Fonts\\CALIFB.TTF', name='Californian FB', style='normal', variant='normal', weight=700, stretch='normal', size='scalable')) = 10.335
matplotlib.font_manager 2025-04-03 13:08:11,443 DEBUG findfont: score(FontEntry(fname='C:\\Windows\\Fonts\\PARCHM.TTF', name='Parchment', style='normal', variant='normal', weight=400, stretch='normal', size='scalable')) = 10.05
matplotlib.font_manager 2025-04-03 13:08:11,443 DEBUG findfont: score(FontEntry(fname='C:\\Windows\\Fonts\\JOKERMAN.TTF', name='Jokerman', style='normal', variant='normal', weight=400, stretch='normal', size='scalable')) = 10.05
matplotlib.font_manager 2025-04-03 13:08:11,443 DEBUG findfont: score(FontEntry(fname='C:\\Windows\\Fonts\\MSUIGHUB.TTF', name='Microsoft Uighur', style='normal', variant='normal', weight=700, stretch='normal', size='scalable')) = 10.335
matplotlib.font_manager 2025-04-03 13:08:11,443 DEBUG findfont: score(FontEntry(fname='C:\\Windows\\Fonts\\msjhl.ttc', name='Microsoft JhengHei', style='normal', variant='normal', weight=290, stretch='normal', size='scalable')) = 10.1545
matplotlib.font_manager 2025-04-03 13:08:11,443 DEBUG findfont: score(FontEntry(fname='C:\\Windows\\Fonts\\YuGothM.ttc', name='Yu Gothic', style='normal', variant='normal', weight=500, stretch='normal', size='scalable')) = 10.145
matplotlib.font_manager 2025-04-03 13:08:11,443 DEBUG findfont: score(FontEntry(fname='C:\\Windows\\Fonts\\PERI____.TTF', name='Perpetua', style='italic', variant='normal', weight=400, stretch='normal', size='scalable')) = 11.05
matplotlib.font_manager 2025-04-03 13:08:11,443 DEBUG findfont: score(FontEntry(fname='C:\\Windows\\Fonts\\corbelli.ttf', name='Corbel', style='italic', variant='normal', weight=300, stretch='normal', size='scalable')) = 11.145
matplotlib.font_manager 2025-04-03 13:08:11,443 DEBUG findfont: score(FontEntry(fname='C:\\Windows\\Fonts\\Candaral.ttf', name='Candara', style='normal', variant='normal', weight=400, stretch='normal', size='scalable')) = 10.05
matplotlib.font_manager 2025-04-03 13:08:11,443 DEBUG findfont: score(FontEntry(fname='C:\\Windows\\Fonts\\Candarai.ttf', name='Candara', style='italic', variant='normal', weight=400, stretch='normal', size='scalable')) = 11.05
matplotlib.font_manager 2025-04-03 13:08:11,443 DEBUG findfont: score(FontEntry(fname='C:\\Windows\\Fonts\\monbaiti.ttf', name='Mongolian Baiti', style='normal', variant='normal', weight=400, stretch='normal', size='scalable')) = 10.05
matplotlib.font_manager 2025-04-03 13:08:11,443 DEBUG findfont: score(FontEntry(fname='C:\\Windows\\Fonts\\DUBAI-BOLD.TTF', name='Dubai', style='normal', variant='normal', weight=700, stretch='normal', size='scalable')) = 10.335
matplotlib.font_manager 2025-04-03 13:08:11,444 DEBUG findfont: score(FontEntry(fname='C:\\Windows\\Fonts\\palab.ttf', name='Palatino Linotype', style='normal', variant='normal', weight=700, stretch='normal', size='scalable')) = 10.335
matplotlib.font_manager 2025-04-03 13:08:11,444 DEBUG findfont: score(FontEntry(fname='C:\\Windows\\Fonts\\Candarab.ttf', name='Candara', style='normal', variant='normal', weight=700, stretch='normal', size='scalable')) = 10.335
matplotlib.font_manager 2025-04-03 13:08:11,444 DEBUG findfont: score(FontEntry(fname='C:\\Windows\\Fonts\\ROCKBI.TTF', name='Rockwell', style='italic', variant='normal', weight=700, stretch='normal', size='scalable')) = 11.335
matplotlib.font_manager 2025-04-03 13:08:11,444 DEBUG findfont: score(FontEntry(fname='C:\\Windows\\Fonts\\ANTQUAI.TTF', name='Book Antiqua', style='italic', variant='normal', weight=400, stretch='normal', size='scalable')) = 11.05
matplotlib.font_manager 2025-04-03 13:08:11,444 DEBUG findfont: score(FontEntry(fname='C:\\Windows\\Fonts\\TCCB____.TTF', name='Tw Cen MT Condensed', style='normal', variant='normal', weight=700, stretch='condensed', size='scalable')) = 10.535
matplotlib.font_manager 2025-04-03 13:08:11,444 DEBUG findfont: score(FontEntry(fname='C:\\Windows\\Fonts\\VLADIMIR.TTF', name='Vladimir Script', style='normal', variant='normal', weight=400, stretch='normal', size='scalable')) = 10.05
matplotlib.font_manager 2025-04-03 13:08:11,444 DEBUG findfont: score(FontEntry(fname='C:\\Windows\\Fonts\\REFSAN.TTF', name='MS Reference Sans Serif', style='normal', variant='normal', weight=400, stretch='normal', size='scalable')) = 10.05
matplotlib.font_manager 2025-04-03 13:08:11,444 DEBUG findfont: score(FontEntry(fname='C:\\Windows\\Fonts\\corbel.ttf', name='Corbel', style='normal', variant='normal', weight=400, stretch='normal', size='scalable')) = 10.05
matplotlib.font_manager 2025-04-03 13:08:11,444 DEBUG findfont: score(FontEntry(fname='C:\\Windows\\Fonts\\constan.ttf', name='Constantia', style='normal', variant='normal', weight=400, stretch='normal', size='scalable')) = 10.05
matplotlib.font_manager 2025-04-03 13:08:11,444 DEBUG findfont: score(FontEntry(fname='C:\\Windows\\Fonts\\seguisbi.ttf', name='Segoe UI', style='italic', variant='normal', weight=600, stretch='normal', size='scalable')) = 11.24
matplotlib.font_manager 2025-04-03 13:08:11,444 DEBUG findfont: score(FontEntry(fname='C:\\Windows\\Fonts\\LTYPEBO.TTF', name='Lucida Sans Typewriter', style='oblique', variant='normal', weight=600, stretch='normal', size='scalable')) = 11.24
matplotlib.font_manager 2025-04-03 13:08:11,444 DEBUG findfont: score(FontEntry(fname='C:\\Windows\\Fonts\\ebrima.ttf', name='Ebrima', style='normal', variant='normal', weight=400, stretch='normal', size='scalable')) = 10.05
matplotlib.font_manager 2025-04-03 13:08:11,444 DEBUG findfont: score(FontEntry(fname='C:\\Windows\\Fonts\\ARLRDBD.TTF', name='Arial Rounded MT Bold', style='normal', variant='normal', weight=400, stretch='normal', size='scalable')) = 10.05
matplotlib.font_manager 2025-04-03 13:08:11,444 DEBUG findfont: score(FontEntry(fname='C:\\Windows\\Fonts\\BOD_CR.TTF', name='Bodoni MT', style='normal', variant='normal', weight=400, stretch='condensed', size='scalable')) = 10.25
matplotlib.font_manager 2025-04-03 13:08:11,444 DEBUG findfont: score(FontEntry(fname='C:\\Windows\\Fonts\\HTOWERT.TTF', name='High Tower Text', style='normal', variant='normal', weight=400, stretch='normal', size='scalable')) = 10.05
matplotlib.font_manager 2025-04-03 13:08:11,444 DEBUG findfont: score(FontEntry(fname='C:\\Windows\\Fonts\\ELEPHNTI.TTF', name='Elephant', style='italic', variant='normal', weight=400, stretch='normal', size='scalable')) = 11.05
matplotlib.font_manager 2025-04-03 13:08:11,444 DEBUG findfont: score(FontEntry(fname='C:\\Windows\\Fonts\\WINGDNG2.TTF', name='Wingdings 2', style='normal', variant='normal', weight=400, stretch='normal', size='scalable')) = 10.05
matplotlib.font_manager 2025-04-03 13:08:11,444 DEBUG findfont: score(FontEntry(fname='C:\\Windows\\Fonts\\trebuc.ttf', name='Trebuchet MS', style='normal', variant='normal', weight=400, stretch='normal', size='scalable')) = 10.05
matplotlib.font_manager 2025-04-03 13:08:11,444 DEBUG findfont: score(FontEntry(fname='C:\\Windows\\Fonts\\couri.ttf', name='Courier New', style='italic', variant='normal', weight=400, stretch='normal', size='scalable')) = 11.05
matplotlib.font_manager 2025-04-03 13:08:11,444 DEBUG findfont: score(FontEntry(fname='C:\\Windows\\Fonts\\WINGDNG3.TTF', name='Wingdings 3', style='normal', variant='normal', weight=400, stretch='normal', size='scalable')) = 10.05
matplotlib.font_manager 2025-04-03 13:08:11,444 DEBUG findfont: score(FontEntry(fname='C:\\Windows\\Fonts\\corbeli.ttf', name='Corbel', style='italic', variant='normal', weight=400, stretch='normal', size='scalable')) = 11.05
matplotlib.font_manager 2025-04-03 13:08:11,444 DEBUG findfont: score(FontEntry(fname='C:\\Windows\\Fonts\\palabi.ttf', name='Palatino Linotype', style='italic', variant='normal', weight=700, stretch='normal', size='scalable')) = 11.335
matplotlib.font_manager 2025-04-03 13:08:11,444 DEBUG findfont: score(FontEntry(fname='C:\\Windows\\Fonts\\NirmalaS.ttf', name='Nirmala UI', style='normal', variant='normal', weight=350, stretch='normal', size='scalable')) = 10.0975
matplotlib.font_manager 2025-04-03 13:08:11,445 DEBUG findfont: score(FontEntry(fname='C:\\Windows\\Fonts\\ariblk.ttf', name='Arial', style='normal', variant='normal', weight=900, stretch='normal', size='scalable')) = 6.888636363636364
matplotlib.font_manager 2025-04-03 13:08:11,445 DEBUG findfont: score(FontEntry(fname='C:\\Windows\\Fonts\\segoeuisl.ttf', name='Segoe UI', style='normal', variant='normal', weight=350, stretch='normal', size='scalable')) = 10.0975
matplotlib.font_manager 2025-04-03 13:08:11,445 DEBUG findfont: score(FontEntry(fname='C:\\Windows\\Fonts\\PER_____.TTF', name='Perpetua', style='normal', variant='normal', weight=400, stretch='normal', size='scalable')) = 10.05
matplotlib.font_manager 2025-04-03 13:08:11,445 DEBUG findfont: score(FontEntry(fname='C:\\Windows\\Fonts\\FTLTLT.TTF', name='Footlight MT Light', style='normal', variant='normal', weight=300, stretch='normal', size='scalable')) = 10.145
matplotlib.font_manager 2025-04-03 13:08:11,445 DEBUG findfont: score(FontEntry(fname='C:\\Windows\\Fonts\\BOD_BLAR.TTF', name='Bodoni MT', style='normal', variant='normal', weight=900, stretch='normal', size='scalable')) = 10.525
matplotlib.font_manager 2025-04-03 13:08:11,445 DEBUG findfont: score(FontEntry(fname='C:\\Windows\\Fonts\\segoeuiz.ttf', name='Segoe UI', style='italic', variant='normal', weight=700, stretch='normal', size='scalable')) = 11.335
matplotlib.font_manager 2025-04-03 13:08:11,445 DEBUG findfont: score(FontEntry(fname='C:\\Windows\\Fonts\\verdana.ttf', name='Verdana', style='normal', variant='normal', weight=400, stretch='normal', size='scalable')) = 3.6863636363636365
matplotlib.font_manager 2025-04-03 13:08:11,445 DEBUG findfont: score(FontEntry(fname='C:\\Windows\\Fonts\\TCMI____.TTF', name='Tw Cen MT', style='italic', variant='normal', weight=400, stretch='normal', size='scalable')) = 11.05
matplotlib.font_manager 2025-04-03 13:08:11,445 DEBUG findfont: score(FontEntry(fname='C:\\Windows\\Fonts\\LCALLIG.TTF', name='Lucida Calligraphy', style='italic', variant='normal', weight=400, stretch='normal', size='scalable')) = 11.05
matplotlib.font_manager 2025-04-03 13:08:11,445 DEBUG findfont: score(FontEntry(fname='C:\\Windows\\Fonts\\BRLNSB.TTF', name='Berlin Sans FB', style='normal', variant='normal', weight=700, stretch='normal', size='scalable')) = 10.335
matplotlib.font_manager 2025-04-03 13:08:11,445 DEBUG findfont: score(FontEntry(fname='C:\\Windows\\Fonts\\courbi.ttf', name='Courier New', style='italic', variant='normal', weight=700, stretch='normal', size='scalable')) = 11.335
matplotlib.font_manager 2025-04-03 13:08:11,445 DEBUG findfont: score(FontEntry(fname='C:\\Windows\\Fonts\\phagspa.ttf', name='Microsoft PhagsPa', style='normal', variant='normal', weight=400, stretch='normal', size='scalable')) = 10.05
matplotlib.font_manager 2025-04-03 13:08:11,445 DEBUG findfont: score(FontEntry(fname='C:\\Windows\\Fonts\\seguisb.ttf', name='Segoe UI', style='normal', variant='normal', weight=600, stretch='normal', size='scalable')) = 10.24
matplotlib.font_manager 2025-04-03 13:08:11,445 DEBUG findfont: score(FontEntry(fname='C:\\Windows\\Fonts\\taile.ttf', name='Microsoft Tai Le', style='normal', variant='normal', weight=400, stretch='normal', size='scalable')) = 10.05
matplotlib.font_manager 2025-04-03 13:08:11,445 DEBUG findfont: score(FontEntry(fname='C:\\Windows\\Fonts\\holomdl2.ttf', name='HoloLens MDL2 Assets', style='normal', variant='normal', weight=400, stretch='normal', size='scalable')) = 10.05
matplotlib.font_manager 2025-04-03 13:08:11,445 DEBUG findfont: score(FontEntry(fname='C:\\Windows\\Fonts\\FRSCRIPT.TTF', name='French Script MT', style='normal', variant='normal', weight=400, stretch='normal', size='scalable')) = 10.05
matplotlib.font_manager 2025-04-03 13:08:11,445 DEBUG findfont: score(FontEntry(fname='C:\\Windows\\Fonts\\LeelawUI.ttf', name='Leelawadee UI', style='normal', variant='normal', weight=400, stretch='normal', size='scalable')) = 10.05
matplotlib.font_manager 2025-04-03 13:08:11,445 DEBUG findfont: score(FontEntry(fname='C:\\Windows\\Fonts\\segoepr.ttf', name='Segoe Print', style='normal', variant='normal', weight=400, stretch='normal', size='scalable')) = 10.05
matplotlib.font_manager 2025-04-03 13:08:11,445 DEBUG findfont: score(FontEntry(fname='C:\\Windows\\Fonts\\tahomabd.ttf', name='Tahoma', style='normal', variant='normal', weight=700, stretch='normal', size='scalable')) = 10.335
matplotlib.font_manager 2025-04-03 13:08:11,445 DEBUG findfont: score(FontEntry(fname='C:\\Windows\\Fonts\\GARABD.TTF', name='Garamond', style='normal', variant='normal', weight=700, stretch='normal', size='scalable')) = 10.335
matplotlib.font_manager 2025-04-03 13:08:11,445 DEBUG findfont: score(FontEntry(fname='C:\\Windows\\Fonts\\ONYX.TTF', name='Onyx', style='normal', variant='normal', weight=400, stretch='normal', size='scalable')) = 10.05
matplotlib.font_manager 2025-04-03 13:08:11,445 DEBUG findfont: score(FontEntry(fname='C:\\Windows\\Fonts\\HTOWERTI.TTF', name='High Tower Text', style='italic', variant='normal', weight=400, stretch='normal', size='scalable')) = 11.05
matplotlib.font_manager 2025-04-03 13:08:11,445 DEBUG findfont: score(FontEntry(fname='C:\\Windows\\Fonts\\LTYPEO.TTF', name='Lucida Sans Typewriter', style='oblique', variant='normal', weight=400, stretch='normal', size='scalable')) = 11.05
matplotlib.font_manager 2025-04-03 13:08:11,445 DEBUG findfont: score(FontEntry(fname='C:\\Windows\\Fonts\\NIAGSOL.TTF', name='Niagara Solid', style='normal', variant='normal', weight=400, stretch='normal', size='scalable')) = 10.05
matplotlib.font_manager 2025-04-03 13:08:11,445 DEBUG findfont: score(FontEntry(fname='C:\\Windows\\Fonts\\GILC____.TTF', name='Gill Sans MT Condensed', style='normal', variant='normal', weight=400, stretch='condensed', size='scalable')) = 10.25
matplotlib.font_manager 2025-04-03 13:08:11,446 DEBUG findfont: score(FontEntry(fname='C:\\Windows\\Fonts\\SHOWG.TTF', name='Showcard Gothic', style='normal', variant='normal', weight=400, stretch='normal', size='scalable')) = 10.05
matplotlib.font_manager 2025-04-03 13:08:11,446 DEBUG findfont: score(FontEntry(fname='C:\\Windows\\Fonts\\calibrib.ttf', name='Calibri', style='normal', variant='normal', weight=700, stretch='normal', size='scalable')) = 10.335
matplotlib.font_manager 2025-04-03 13:08:11,446 DEBUG findfont: score(FontEntry(fname='C:\\Windows\\Fonts\\SegoeIcons.ttf', name='Segoe Fluent Icons', style='normal', variant='normal', weight=400, stretch='normal', size='scalable')) = 10.05
matplotlib.font_manager 2025-04-03 13:08:11,446 DEBUG findfont: score(FontEntry(fname='C:\\Windows\\Fonts\\LFAX.TTF', name='Lucida Fax', style='normal', variant='normal', weight=400, stretch='normal', size='scalable')) = 10.05
matplotlib.font_manager 2025-04-03 13:08:11,446 DEBUG findfont: score(FontEntry(fname='C:\\Windows\\Fonts\\ebrimabd.ttf', name='Ebrima', style='normal', variant='normal', weight=700, stretch='normal', size='scalable')) = 10.335
matplotlib.font_manager 2025-04-03 13:08:11,446 DEBUG findfont: score(FontEntry(fname='C:\\Windows\\Fonts\\ITCEDSCR.TTF', name='Edwardian Script ITC', style='normal', variant='normal', weight=400, stretch='normal', size='scalable')) = 10.05
matplotlib.font_manager 2025-04-03 13:08:11,446 DEBUG findfont: score(FontEntry(fname='C:\\Windows\\Fonts\\GOTHIC.TTF', name='Century Gothic', style='normal', variant='normal', weight=400, stretch='normal', size='scalable')) = 10.05
matplotlib.font_manager 2025-04-03 13:08:11,446 DEBUG findfont: score(FontEntry(fname='C:\\Windows\\Fonts\\arial.ttf', name='Arial', style='normal', variant='normal', weight=400, stretch='normal', size='scalable')) = 6.413636363636363
matplotlib.font_manager 2025-04-03 13:08:11,446 DEBUG findfont: score(FontEntry(fname='C:\\Windows\\Fonts\\cambriab.ttf', name='Cambria', style='normal', variant='normal', weight=700, stretch='normal', size='scalable')) = 10.335
matplotlib.font_manager 2025-04-03 13:08:11,446 DEBUG findfont: score(FontEntry(fname='C:\\Windows\\Fonts\\BELLB.TTF', name='Bell MT', style='normal', variant='normal', weight=700, stretch='normal', size='scalable')) = 10.335
matplotlib.font_manager 2025-04-03 13:08:11,446 DEBUG findfont: score(FontEntry(fname='C:\\Windows\\Fonts\\ERASLGHT.TTF', name='Eras Light ITC', style='normal', variant='normal', weight=400, stretch='normal', size='scalable')) = 10.05
matplotlib.font_manager 2025-04-03 13:08:11,446 DEBUG findfont: score(FontEntry(fname='C:\\Windows\\Fonts\\GOTHICI.TTF', name='Century Gothic', style='italic', variant='normal', weight=400, stretch='normal', size='scalable')) = 11.05
matplotlib.font_manager 2025-04-03 13:08:11,446 DEBUG findfont: score(FontEntry(fname='C:\\Windows\\Fonts\\consolai.ttf', name='Consolas', style='italic', variant='normal', weight=400, stretch='normal', size='scalable')) = 11.05
matplotlib.font_manager 2025-04-03 13:08:11,446 DEBUG findfont: score(FontEntry(fname='C:\\Windows\\Fonts\\micross.ttf', name='Microsoft Sans Serif', style='normal', variant='normal', weight=400, stretch='normal', size='scalable')) = 10.05
matplotlib.font_manager 2025-04-03 13:08:11,446 DEBUG findfont: score(FontEntry(fname='C:\\Windows\\Fonts\\LBRITEI.TTF', name='Lucida Bright', style='italic', variant='normal', weight=400, stretch='normal', size='scalable')) = 11.05
matplotlib.font_manager 2025-04-03 13:08:11,446 DEBUG findfont: score(FontEntry(fname='C:\\Windows\\Fonts\\LBRITEDI.TTF', name='Lucida Bright', style='italic', variant='normal', weight=600, stretch='normal', size='scalable')) = 11.24
matplotlib.font_manager 2025-04-03 13:08:11,446 DEBUG findfont: score(FontEntry(fname='C:\\Windows\\Fonts\\BRLNSR.TTF', name='Berlin Sans FB', style='normal', variant='normal', weight=400, stretch='normal', size='scalable')) = 10.05
matplotlib.font_manager 2025-04-03 13:08:11,446 DEBUG findfont: score(FontEntry(fname='C:\\Windows\\Fonts\\webdings.ttf', name='Webdings', style='normal', variant='normal', weight=400, stretch='normal', size='scalable')) = 10.05
matplotlib.font_manager 2025-04-03 13:08:11,446 DEBUG findfont: score(FontEntry(fname='C:\\Windows\\Fonts\\mvboli.ttf', name='MV Boli', style='normal', variant='normal', weight=400, stretch='normal', size='scalable')) = 10.05
matplotlib.font_manager 2025-04-03 13:08:11,446 DEBUG findfont: score(FontEntry(fname='C:\\Windows\\Fonts\\msyhl.ttc', name='Microsoft YaHei', style='normal', variant='normal', weight=290, stretch='normal', size='scalable')) = 10.1545
matplotlib.font_manager 2025-04-03 13:08:11,446 DEBUG findfont: score(FontEntry(fname='C:\\Windows\\Fonts\\palai.ttf', name='Palatino Linotype', style='italic', variant='normal', weight=400, stretch='normal', size='scalable')) = 11.05
matplotlib.font_manager 2025-04-03 13:08:11,446 DEBUG findfont: score(FontEntry(fname='C:\\Windows\\Fonts\\GIL_____.TTF', name='Gill Sans MT', style='normal', variant='normal', weight=400, stretch='normal', size='scalable')) = 10.05
matplotlib.font_manager 2025-04-03 13:08:11,446 DEBUG findfont: score(FontEntry(fname='C:\\Windows\\Fonts\\cambriai.ttf', name='Cambria', style='italic', variant='normal', weight=400, stretch='normal', size='scalable')) = 11.05
matplotlib.font_manager 2025-04-03 13:08:11,446 DEBUG findfont: score(FontEntry(fname='C:\\Windows\\Fonts\\comicbd.ttf', name='Comic Sans MS', style='normal', variant='normal', weight=700, stretch='normal', size='scalable')) = 10.335
matplotlib.font_manager 2025-04-03 13:08:11,446 DEBUG findfont: score(FontEntry(fname='C:\\Windows\\Fonts\\symbol.ttf', name='Symbol', style='normal', variant='normal', weight=400, stretch='normal', size='scalable')) = 10.05
matplotlib.font_manager 2025-04-03 13:08:11,447 DEBUG findfont: score(FontEntry(fname='C:\\Windows\\Fonts\\GARAIT.TTF', name='Garamond', style='italic', variant='normal', weight=400, stretch='normal', size='scalable')) = 11.05
matplotlib.font_manager 2025-04-03 13:08:11,447 DEBUG findfont: score(FontEntry(fname='C:\\Windows\\Fonts\\BOD_BLAI.TTF', name='Bodoni MT', style='italic', variant='normal', weight=900, stretch='normal', size='scalable')) = 11.525
matplotlib.font_manager 2025-04-03 13:08:11,447 DEBUG findfont: score(FontEntry(fname='C:\\Windows\\Fonts\\seguihis.ttf', name='Segoe UI Historic', style='normal', variant='normal', weight=400, stretch='normal', size='scalable')) = 10.05
matplotlib.font_manager 2025-04-03 13:08:11,447 DEBUG findfont: score(FontEntry(fname='C:\\Windows\\Fonts\\GLECB.TTF', name='Gloucester MT Extra Condensed', style='normal', variant='normal', weight=400, stretch='condensed', size='scalable')) = 10.25
matplotlib.font_manager 2025-04-03 13:08:11,447 DEBUG findfont: score(FontEntry(fname='C:\\Windows\\Fonts\\BOOKOSB.TTF', name='Bookman Old Style', style='normal', variant='normal', weight=600, stretch='normal', size='scalable')) = 10.24
matplotlib.font_manager 2025-04-03 13:08:11,447 DEBUG findfont: score(FontEntry(fname='C:\\Windows\\Fonts\\BOD_I.TTF', name='Bodoni MT', style='italic', variant='normal', weight=400, stretch='normal', size='scalable')) = 11.05
matplotlib.font_manager 2025-04-03 13:08:11,447 DEBUG findfont: score(FontEntry(fname='C:\\Windows\\Fonts\\trebucbd.ttf', name='Trebuchet MS', style='normal', variant='normal', weight=700, stretch='normal', size='scalable')) = 10.335
matplotlib.font_manager 2025-04-03 13:08:11,447 DEBUG findfont: score(FontEntry(fname='C:\\Windows\\Fonts\\TCB_____.TTF', name='Tw Cen MT', style='normal', variant='normal', weight=700, stretch='normal', size='scalable')) = 10.335
matplotlib.font_manager 2025-04-03 13:08:11,447 DEBUG findfont: score(FontEntry(fname='C:\\Windows\\Fonts\\FRAHV.TTF', name='Franklin Gothic Heavy', style='normal', variant='normal', weight=400, stretch='normal', size='scalable')) = 10.05
matplotlib.font_manager 2025-04-03 13:08:11,447 DEBUG findfont: score(FontEntry(fname='C:\\Windows\\Fonts\\msyhbd.ttc', name='Microsoft YaHei', style='normal', variant='normal', weight=700, stretch='normal', size='scalable')) = 10.335
matplotlib.font_manager 2025-04-03 13:08:11,447 DEBUG findfont: score(FontEntry(fname='C:\\Windows\\Fonts\\ENGR.TTF', name='Engravers MT', style='normal', variant='normal', weight=500, stretch='normal', size='scalable')) = 10.145
matplotlib.font_manager 2025-04-03 13:08:11,447 DEBUG findfont: score(FontEntry(fname='C:\\Windows\\Fonts\\GOUDOSB.TTF', name='Goudy Old Style', style='normal', variant='normal', weight=700, stretch='normal', size='scalable')) = 10.335
matplotlib.font_manager 2025-04-03 13:08:11,447 DEBUG findfont: score(FontEntry(fname='C:\\Windows\\Fonts\\SitkaVF-Italic.ttf', name='Sitka', style='italic', variant='normal', weight=400, stretch='normal', size='scalable')) = 11.05
matplotlib.font_manager 2025-04-03 13:08:11,447 DEBUG findfont: score(FontEntry(fname='C:\\Windows\\Fonts\\LBRITED.TTF', name='Lucida Bright', style='normal', variant='normal', weight=600, stretch='normal', size='scalable')) = 10.24
matplotlib.font_manager 2025-04-03 13:08:11,447 DEBUG findfont: score(FontEntry(fname='C:\\Windows\\Fonts\\LTYPE.TTF', name='Lucida Sans Typewriter', style='normal', variant='normal', weight=400, stretch='normal', size='scalable')) = 10.05
matplotlib.font_manager 2025-04-03 13:08:11,447 DEBUG findfont: score(FontEntry(fname='C:\\Windows\\Fonts\\timesbd.ttf', name='Times New Roman', style='normal', variant='normal', weight=700, stretch='normal', size='scalable')) = 10.335
matplotlib.font_manager 2025-04-03 13:08:11,447 DEBUG findfont: score(FontEntry(fname='C:\\Windows\\Fonts\\LBRITE.TTF', name='Lucida Bright', style='normal', variant='normal', weight=400, stretch='normal', size='scalable')) = 10.05
matplotlib.font_manager 2025-04-03 13:08:11,447 DEBUG findfont: score(FontEntry(fname='C:\\Windows\\Fonts\\LSANSD.TTF', name='Lucida Sans', style='normal', variant='normal', weight=600, stretch='normal', size='scalable')) = 10.24
matplotlib.font_manager 2025-04-03 13:08:11,447 DEBUG findfont: score(FontEntry(fname='C:\\Windows\\Fonts\\GARA.TTF', name='Garamond', style='normal', variant='normal', weight=400, stretch='normal', size='scalable')) = 10.05
matplotlib.font_manager 2025-04-03 13:08:11,447 DEBUG findfont: score(FontEntry(fname='C:\\Windows\\Fonts\\LeelaUIb.ttf', name='Leelawadee UI', style='normal', variant='normal', weight=700, stretch='normal', size='scalable')) = 10.335
matplotlib.font_manager 2025-04-03 13:08:11,447 DEBUG findfont: score(FontEntry(fname='C:\\Windows\\Fonts\\segoeprb.ttf', name='Segoe Print', style='normal', variant='normal', weight=700, stretch='normal', size='scalable')) = 10.335
matplotlib.font_manager 2025-04-03 13:08:11,447 DEBUG findfont: score(FontEntry(fname='C:\\Windows\\Fonts\\mmrtextb.ttf', name='Myanmar Text', style='normal', variant='normal', weight=700, stretch='normal', size='scalable')) = 10.335
matplotlib.font_manager 2025-04-03 13:08:11,447 DEBUG findfont: score(FontEntry(fname='C:\\Windows\\Fonts\\calibri.ttf', name='Calibri', style='normal', variant='normal', weight=400, stretch='normal', size='scalable')) = 10.05
matplotlib.font_manager 2025-04-03 13:08:11,447 DEBUG findfont: score(FontEntry(fname='C:\\Windows\\Fonts\\COLONNA.TTF', name='Colonna MT', style='normal', variant='normal', weight=400, stretch='normal', size='scalable')) = 10.05
matplotlib.font_manager 2025-04-03 13:08:11,447 DEBUG findfont: score(FontEntry(fname='C:\\Windows\\Fonts\\javatext.ttf', name='Javanese Text', style='normal', variant='normal', weight=400, stretch='normal', size='scalable')) = 10.05
matplotlib.font_manager 2025-04-03 13:08:11,447 DEBUG findfont: score(FontEntry(fname='C:\\Windows\\Fonts\\BSSYM7.TTF', name='Bookshelf Symbol 7', style='normal', variant='normal', weight=400, stretch='normal', size='scalable')) = 10.05
matplotlib.font_manager 2025-04-03 13:08:11,448 DEBUG findfont: score(FontEntry(fname='C:\\Windows\\Fonts\\MSUIGHUR.TTF', name='Microsoft Uighur', style='normal', variant='normal', weight=400, stretch='normal', size='scalable')) = 10.05
matplotlib.font_manager 2025-04-03 13:08:11,448 DEBUG findfont: score(FontEntry(fname='C:\\Windows\\Fonts\\constanz.ttf', name='Constantia', style='italic', variant='normal', weight=700, stretch='normal', size='scalable')) = 11.335
matplotlib.font_manager 2025-04-03 13:08:11,448 DEBUG findfont: score(FontEntry(fname='C:\\Windows\\Fonts\\constanb.ttf', name='Constantia', style='normal', variant='normal', weight=700, stretch='normal', size='scalable')) = 10.335
matplotlib.font_manager 2025-04-03 13:08:11,448 DEBUG findfont: score(FontEntry(fname='C:\\Windows\\Fonts\\comic.ttf', name='Comic Sans MS', style='normal', variant='normal', weight=400, stretch='normal', size='scalable')) = 10.05
matplotlib.font_manager 2025-04-03 13:08:11,448 DEBUG findfont: score(FontEntry(fname='C:\\Windows\\Fonts\\verdanai.ttf', name='Verdana', style='italic', variant='normal', weight=400, stretch='normal', size='scalable')) = 4.6863636363636365
matplotlib.font_manager 2025-04-03 13:08:11,448 DEBUG findfont: score(FontEntry(fname='C:\\Windows\\Fonts\\ANTQUAB.TTF', name='Book Antiqua', style='normal', variant='normal', weight=700, stretch='normal', size='scalable')) = 10.335
matplotlib.font_manager 2025-04-03 13:08:11,448 DEBUG findfont: score(FontEntry(fname='C:\\Windows\\Fonts\\LEELAWDB.TTF', name='Leelawadee', style='normal', variant='normal', weight=700, stretch='normal', size='scalable')) = 10.335
matplotlib.font_manager 2025-04-03 13:08:11,448 DEBUG findfont: score(FontEntry(fname='C:\\Windows\\Fonts\\GILI____.TTF', name='Gill Sans MT', style='italic', variant='normal', weight=400, stretch='normal', size='scalable')) = 11.05
matplotlib.font_manager 2025-04-03 13:08:11,448 DEBUG findfont: score(FontEntry(fname='C:\\Windows\\Fonts\\SNAP____.TTF', name='Snap ITC', style='normal', variant='normal', weight=400, stretch='normal', size='scalable')) = 10.05
matplotlib.font_manager 2025-04-03 13:08:11,448 DEBUG findfont: score(FontEntry(fname='C:\\Windows\\Fonts\\ERASBD.TTF', name='Eras Bold ITC', style='normal', variant='normal', weight=400, stretch='normal', size='scalable')) = 10.05
matplotlib.font_manager 2025-04-03 13:08:11,448 DEBUG findfont: score(FontEntry(fname='C:\\Windows\\Fonts\\ROCC____.TTF', name='Rockwell Condensed', style='normal', variant='normal', weight=400, stretch='condensed', size='scalable')) = 10.25
matplotlib.font_manager 2025-04-03 13:08:11,448 DEBUG findfont: score(FontEntry(fname='C:\\Windows\\Fonts\\calibriz.ttf', name='Calibri', style='italic', variant='normal', weight=700, stretch='normal', size='scalable')) = 11.335
matplotlib.font_manager 2025-04-03 13:08:11,448 DEBUG findfont: score(FontEntry(fname='C:\\Windows\\Fonts\\lucon.ttf', name='Lucida Console', style='normal', variant='normal', weight=400, stretch='normal', size='scalable')) = 10.05
matplotlib.font_manager 2025-04-03 13:08:11,448 DEBUG findfont: score(FontEntry(fname='C:\\Windows\\Fonts\\LSANSI.TTF', name='Lucida Sans', style='italic', variant='normal', weight=400, stretch='normal', size='scalable')) = 11.05
matplotlib.font_manager 2025-04-03 13:08:11,448 DEBUG findfont: score(FontEntry(fname='C:\\Windows\\Fonts\\OLDENGL.TTF', name='Old English Text MT', style='normal', variant='normal', weight=400, stretch='normal', size='scalable')) = 10.05
matplotlib.font_manager 2025-04-03 13:08:11,448 DEBUG findfont: score(FontEntry(fname='C:\\Windows\\Fonts\\FRAMDCN.TTF', name='Franklin Gothic Medium Cond', style='normal', variant='normal', weight=400, stretch='condensed', size='scalable')) = 10.25
matplotlib.font_manager 2025-04-03 13:08:11,448 DEBUG findfont: score(FontEntry(fname='C:\\Windows\\Fonts\\framdit.ttf', name='Franklin Gothic Medium', style='italic', variant='normal', weight=400, stretch='normal', size='scalable')) = 11.05
matplotlib.font_manager 2025-04-03 13:08:11,448 DEBUG findfont: score(FontEntry(fname='C:\\Windows\\Fonts\\CENTURY.TTF', name='Century', style='normal', variant='normal', weight=400, stretch='normal', size='scalable')) = 10.05
matplotlib.font_manager 2025-04-03 13:08:11,448 DEBUG findfont: score(FontEntry(fname='C:\\Windows\\Fonts\\BOD_CBI.TTF', name='Bodoni MT', style='italic', variant='normal', weight=700, stretch='condensed', size='scalable')) = 11.535
matplotlib.font_manager 2025-04-03 13:08:11,448 DEBUG findfont: score(FontEntry(fname='C:\\Windows\\Fonts\\BOD_PSTC.TTF', name='Bodoni MT', style='normal', variant='normal', weight=300, stretch='normal', size='scalable')) = 10.145
matplotlib.font_manager 2025-04-03 13:08:11,448 DEBUG findfont: score(FontEntry(fname='C:\\Windows\\Fonts\\GILBI___.TTF', name='Gill Sans MT', style='italic', variant='normal', weight=700, stretch='normal', size='scalable')) = 11.335
matplotlib.font_manager 2025-04-03 13:08:11,448 DEBUG findfont: score(FontEntry(fname='C:\\Windows\\Fonts\\msjhbd.ttc', name='Microsoft JhengHei', style='normal', variant='normal', weight=700, stretch='normal', size='scalable')) = 10.335
matplotlib.font_manager 2025-04-03 13:08:11,448 DEBUG findfont: score(FontEntry(fname='C:\\Windows\\Fonts\\LFAXI.TTF', name='Lucida Fax', style='italic', variant='normal', weight=400, stretch='normal', size='scalable')) = 11.05
matplotlib.font_manager 2025-04-03 13:08:11,448 DEBUG findfont: score(FontEntry(fname='C:\\Windows\\Fonts\\segoesc.ttf', name='Segoe Script', style='normal', variant='normal', weight=400, stretch='normal', size='scalable')) = 10.05
matplotlib.font_manager 2025-04-03 13:08:11,449 DEBUG findfont: score(FontEntry(fname='C:\\Windows\\Fonts\\SCHLBKI.TTF', name='Century Schoolbook', style='italic', variant='normal', weight=400, stretch='normal', size='scalable')) = 11.05
matplotlib.font_manager 2025-04-03 13:08:11,449 DEBUG findfont: score(FontEntry(fname='C:\\Windows\\Fonts\\msyh.ttc', name='Microsoft YaHei', style='normal', variant='normal', weight=400, stretch='normal', size='scalable')) = 10.05
matplotlib.font_manager 2025-04-03 13:08:11,449 DEBUG findfont: score(FontEntry(fname='C:\\Windows\\Fonts\\POORICH.TTF', name='Poor Richard', style='normal', variant='normal', weight=400, stretch='normal', size='scalable')) = 10.05
matplotlib.font_manager 2025-04-03 13:08:11,449 DEBUG findfont: score(FontEntry(fname='C:\\Windows\\Fonts\\OCRAEXT.TTF', name='OCR A Extended', style='normal', variant='normal', weight=400, stretch='expanded', size='scalable')) = 10.25
matplotlib.font_manager 2025-04-03 13:08:11,449 DEBUG findfont: score(FontEntry(fname='C:\\Windows\\Fonts\\taileb.ttf', name='Microsoft Tai Le', style='normal', variant='normal', weight=700, stretch='normal', size='scalable')) = 10.335
matplotlib.font_manager 2025-04-03 13:08:11,449 DEBUG findfont: score(FontEntry(fname='C:\\Windows\\Fonts\\YuGothR.ttc', name='Yu Gothic', style='normal', variant='normal', weight=400, stretch='normal', size='scalable')) = 10.05
matplotlib.font_manager 2025-04-03 13:08:11,449 DEBUG findfont: score(FontEntry(fname='C:\\Windows\\Fonts\\CURLZ___.TTF', name='Curlz MT', style='normal', variant='normal', weight=400, stretch='normal', size='scalable')) = 10.05
matplotlib.font_manager 2025-04-03 13:08:11,449 DEBUG findfont: score(FontEntry(fname='C:\\Windows\\Fonts\\PALSCRI.TTF', name='Palace Script MT', style='normal', variant='normal', weight=400, stretch='normal', size='scalable')) = 10.05
matplotlib.font_manager 2025-04-03 13:08:11,449 DEBUG findfont: score(FontEntry(fname='C:\\Windows\\Fonts\\BOD_BI.TTF', name='Bodoni MT', style='italic', variant='normal', weight=700, stretch='normal', size='scalable')) = 11.335
matplotlib.font_manager 2025-04-03 13:08:11,449 DEBUG findfont: score(FontEntry(fname='C:\\Windows\\Fonts\\Gabriola.ttf', name='Gabriola', style='normal', variant='normal', weight=400, stretch='normal', size='scalable')) = 10.05
matplotlib.font_manager 2025-04-03 13:08:11,449 DEBUG findfont: score(FontEntry(fname='C:\\Windows\\Fonts\\BOD_CI.TTF', name='Bodoni MT', style='italic', variant='normal', weight=400, stretch='condensed', size='scalable')) = 11.25
matplotlib.font_manager 2025-04-03 13:08:11,449 DEBUG findfont: score(FontEntry(fname='C:\\Windows\\Fonts\\msyi.ttf', name='Microsoft Yi Baiti', style='normal', variant='normal', weight=400, stretch='normal', size='scalable')) = 10.05
matplotlib.font_manager 2025-04-03 13:08:11,449 DEBUG findfont: score(FontEntry(fname='C:\\Windows\\Fonts\\ntailub.ttf', name='Microsoft New Tai Lue', style='normal', variant='normal', weight=700, stretch='normal', size='scalable')) = 10.335
matplotlib.font_manager 2025-04-03 13:08:11,449 DEBUG findfont: score(FontEntry(fname='C:\\Windows\\Fonts\\YuGothL.ttc', name='Yu Gothic', style='normal', variant='normal', weight=300, stretch='normal', size='scalable')) = 10.145
matplotlib.font_manager 2025-04-03 13:08:11,449 DEBUG findfont: score(FontEntry(fname='C:\\Windows\\Fonts\\SCRIPTBL.TTF', name='Script MT Bold', style='normal', variant='normal', weight=700, stretch='normal', size='scalable')) = 10.335
matplotlib.font_manager 2025-04-03 13:08:11,449 DEBUG findfont: score(FontEntry(fname='C:\\Windows\\Fonts\\BOOKOS.TTF', name='Bookman Old Style', style='normal', variant='normal', weight=300, stretch='normal', size='scalable')) = 10.145
matplotlib.font_manager 2025-04-03 13:08:11,449 DEBUG findfont: score(FontEntry(fname='C:\\Windows\\Fonts\\seguibli.ttf', name='Segoe UI', style='italic', variant='normal', weight=900, stretch='normal', size='scalable')) = 11.525
matplotlib.font_manager 2025-04-03 13:08:11,449 DEBUG findfont: score(FontEntry(fname='C:\\Windows\\Fonts\\corbelz.ttf', name='Corbel', style='italic', variant='normal', weight=700, stretch='normal', size='scalable')) = 11.335
matplotlib.font_manager 2025-04-03 13:08:11,449 DEBUG findfont: score(FontEntry(fname='C:\\Windows\\Fonts\\trebucbi.ttf', name='Trebuchet MS', style='italic', variant='normal', weight=700, stretch='normal', size='scalable')) = 11.335
matplotlib.font_manager 2025-04-03 13:08:11,449 DEBUG findfont: score(FontEntry(fname='C:\\Windows\\Fonts\\segmdl2.ttf', name='Segoe MDL2 Assets', style='normal', variant='normal', weight=400, stretch='normal', size='scalable')) = 10.05
matplotlib.font_manager 2025-04-03 13:08:11,449 DEBUG findfont: score(FontEntry(fname='C:\\Windows\\Fonts\\Inkfree.ttf', name='Ink Free', style='normal', variant='normal', weight=400, stretch='normal', size='scalable')) = 10.05
matplotlib.font_manager 2025-04-03 13:08:11,449 DEBUG findfont: score(FontEntry(fname='C:\\Windows\\Fonts\\ARIALNB.TTF', name='Arial', style='normal', variant='normal', weight=700, stretch='condensed', size='scalable')) = 6.8986363636363635
matplotlib.font_manager 2025-04-03 13:08:11,449 DEBUG findfont: score(FontEntry(fname='C:\\Windows\\Fonts\\pala.ttf', name='Palatino Linotype', style='normal', variant='normal', weight=400, stretch='normal', size='scalable')) = 10.05
matplotlib.font_manager 2025-04-03 13:08:11,449 DEBUG findfont: score(FontEntry(fname='C:\\Windows\\Fonts\\times.ttf', name='Times New Roman', style='normal', variant='normal', weight=400, stretch='normal', size='scalable')) = 10.05
matplotlib.font_manager 2025-04-03 13:08:11,449 DEBUG findfont: score(FontEntry(fname='C:\\Windows\\Fonts\\LFAXDI.TTF', name='Lucida Fax', style='italic', variant='normal', weight=600, stretch='normal', size='scalable')) = 11.24
matplotlib.font_manager 2025-04-03 13:08:11,450 DEBUG findfont: score(FontEntry(fname='C:\\Windows\\Fonts\\BELLI.TTF', name='Bell MT', style='italic', variant='normal', weight=400, stretch='normal', size='scalable')) = 11.05
matplotlib.font_manager 2025-04-03 13:08:11,450 DEBUG findfont: score(FontEntry(fname='C:\\Windows\\Fonts\\timesbi.ttf', name='Times New Roman', style='italic', variant='normal', weight=700, stretch='normal', size='scalable')) = 11.335
matplotlib.font_manager 2025-04-03 13:08:11,450 DEBUG findfont: score(FontEntry(fname='C:\\Windows\\Fonts\\seguibl.ttf', name='Segoe UI', style='normal', variant='normal', weight=900, stretch='normal', size='scalable')) = 10.525
matplotlib.font_manager 2025-04-03 13:08:11,450 DEBUG findfont: score(FontEntry(fname='C:\\Windows\\Fonts\\Candaraz.ttf', name='Candara', style='italic', variant='normal', weight=700, stretch='normal', size='scalable')) = 11.335
matplotlib.font_manager 2025-04-03 13:08:11,450 DEBUG findfont: score(FontEntry(fname='C:\\Windows\\Fonts\\MOD20.TTF', name='Modern No. 20', style='normal', variant='normal', weight=400, stretch='normal', size='scalable')) = 10.05
matplotlib.font_manager 2025-04-03 13:08:11,450 DEBUG findfont: score(FontEntry(fname='C:\\Windows\\Fonts\\ELEPHNT.TTF', name='Elephant', style='normal', variant='normal', weight=400, stretch='normal', size='scalable')) = 10.05
matplotlib.font_manager 2025-04-03 13:08:11,450 DEBUG findfont: score(FontEntry(fname='C:\\Windows\\Fonts\\sylfaen.ttf', name='Sylfaen', style='normal', variant='normal', weight=400, stretch='normal', size='scalable')) = 10.05
matplotlib.font_manager 2025-04-03 13:08:11,450 DEBUG findfont: score(FontEntry(fname='C:\\Windows\\Fonts\\segoeuii.ttf', name='Segoe UI', style='italic', variant='normal', weight=400, stretch='normal', size='scalable')) = 11.05
matplotlib.font_manager 2025-04-03 13:08:11,450 DEBUG findfont: score(FontEntry(fname='C:\\Windows\\Fonts\\BELL.TTF', name='Bell MT', style='normal', variant='normal', weight=400, stretch='normal', size='scalable')) = 10.05
matplotlib.font_manager 2025-04-03 13:08:11,450 DEBUG findfont: score(FontEntry(fname='C:\\Windows\\Fonts\\simsunb.ttf', name='SimSun-ExtB', style='normal', variant='normal', weight=400, stretch='normal', size='scalable')) = 10.05
matplotlib.font_manager 2025-04-03 13:08:11,450 DEBUG findfont: score(FontEntry(fname='C:\\Windows\\Fonts\\BAUHS93.TTF', name='Bauhaus 93', style='normal', variant='normal', weight=400, stretch='normal', size='scalable')) = 10.05
matplotlib.font_manager 2025-04-03 13:08:11,450 DEBUG findfont: score(FontEntry(fname='C:\\Windows\\Fonts\\cour.ttf', name='Courier New', style='normal', variant='normal', weight=400, stretch='normal', size='scalable')) = 10.05
matplotlib.font_manager 2025-04-03 13:08:11,450 DEBUG findfont: score(FontEntry(fname='C:\\Windows\\Fonts\\ARIALN.TTF', name='Arial', style='normal', variant='normal', weight=400, stretch='condensed', size='scalable')) = 6.613636363636363
matplotlib.font_manager 2025-04-03 13:08:11,450 DEBUG findfont: score(FontEntry(fname='C:\\Windows\\Fonts\\georgia.ttf', name='Georgia', style='normal', variant='normal', weight=400, stretch='normal', size='scalable')) = 10.05
matplotlib.font_manager 2025-04-03 13:08:11,450 DEBUG findfont: score(FontEntry(fname='C:\\Windows\\Fonts\\PLAYBILL.TTF', name='Playbill', style='normal', variant='normal', weight=400, stretch='normal', size='scalable')) = 10.05
matplotlib.font_manager 2025-04-03 13:08:11,450 DEBUG findfont: score(FontEntry(fname='C:\\Windows\\Fonts\\DUBAI-REGULAR.TTF', name='Dubai', style='normal', variant='normal', weight=400, stretch='normal', size='scalable')) = 10.05
matplotlib.font_manager 2025-04-03 13:08:11,450 DEBUG findfont: score(FontEntry(fname='C:\\Windows\\Fonts\\segoeuil.ttf', name='Segoe UI', style='normal', variant='normal', weight=300, stretch='normal', size='scalable')) = 10.145
matplotlib.font_manager 2025-04-03 13:08:11,450 DEBUG findfont: score(FontEntry(fname='C:\\Windows\\Fonts\\REFSPCL.TTF', name='MS Reference Specialty', style='normal', variant='normal', weight=400, stretch='normal', size='scalable')) = 10.05
matplotlib.font_manager 2025-04-03 13:08:11,450 DEBUG findfont: score(FontEntry(fname='C:\\Windows\\Fonts\\MAIAN.TTF', name='Maiandra GD', style='normal', variant='normal', weight=400, stretch='normal', size='scalable')) = 10.05
matplotlib.font_manager 2025-04-03 13:08:11,450 DEBUG findfont: score(FontEntry(fname='C:\\Windows\\Fonts\\corbelb.ttf', name='Corbel', style='normal', variant='normal', weight=700, stretch='normal', size='scalable')) = 10.335
matplotlib.font_manager 2025-04-03 13:08:11,451 DEBUG findfont: score(FontEntry(fname='C:\\Windows\\Fonts\\verdanab.ttf', name='Verdana', style='normal', variant='normal', weight=700, stretch='normal', size='scalable')) = 3.9713636363636367
matplotlib.font_manager 2025-04-03 13:08:11,451 DEBUG findfont: score(FontEntry(fname='C:\\Windows\\Fonts\\PAPYRUS.TTF', name='Papyrus', style='normal', variant='normal', weight=400, stretch='normal', size='scalable')) = 10.05
matplotlib.font_manager 2025-04-03 13:08:11,451 DEBUG findfont: score(FontEntry(fname='C:\\Windows\\Fonts\\LATINWD.TTF', name='Wide Latin', style='normal', variant='normal', weight=400, stretch='expanded', size='scalable')) = 10.25
matplotlib.font_manager 2025-04-03 13:08:11,451 DEBUG findfont: score(FontEntry(fname='C:\\Windows\\Fonts\\HARLOWSI.TTF', name='Harlow Solid Italic', style='italic', variant='normal', weight=400, stretch='normal', size='scalable')) = 11.05
matplotlib.font_manager 2025-04-03 13:08:11,451 DEBUG findfont: score(FontEntry(fname='C:\\Windows\\Fonts\\LHANDW.TTF', name='Lucida Handwriting', style='italic', variant='normal', weight=400, stretch='normal', size='scalable')) = 11.05
matplotlib.font_manager 2025-04-03 13:08:11,451 DEBUG findfont: score(FontEntry(fname='C:\\Windows\\Fonts\\seguiemj.ttf', name='Segoe UI Emoji', style='normal', variant='normal', weight=400, stretch='normal', size='scalable')) = 10.05
matplotlib.font_manager 2025-04-03 13:08:11,451 DEBUG findfont: score(FontEntry(fname='C:\\Windows\\Fonts\\RAVIE.TTF', name='Ravie', style='normal', variant='normal', weight=400, stretch='normal', size='scalable')) = 10.05
matplotlib.font_manager 2025-04-03 13:08:11,451 DEBUG findfont: score(FontEntry(fname='C:\\Windows\\Fonts\\BOD_R.TTF', name='Bodoni MT', style='normal', variant='normal', weight=400, stretch='normal', size='scalable')) = 10.05
matplotlib.font_manager 2025-04-03 13:08:11,451 DEBUG findfont: score(FontEntry(fname='C:\\Windows\\Fonts\\comici.ttf', name='Comic Sans MS', style='italic', variant='normal', weight=400, stretch='normal', size='scalable')) = 11.05
matplotlib.font_manager 2025-04-03 13:08:11,451 DEBUG findfont: score(FontEntry(fname='C:\\Windows\\Fonts\\CALISTBI.TTF', name='Calisto MT', style='italic', variant='normal', weight=700, stretch='normal', size='scalable')) = 11.335
matplotlib.font_manager 2025-04-03 13:08:11,451 DEBUG findfont: score(FontEntry(fname='C:\\Windows\\Fonts\\AGENCYB.TTF', name='Agency FB', style='normal', variant='normal', weight=700, stretch='normal', size='scalable')) = 10.335
matplotlib.font_manager 2025-04-03 13:08:11,451 DEBUG findfont: score(FontEntry(fname='C:\\Windows\\Fonts\\GOUDOSI.TTF', name='Goudy Old Style', style='italic', variant='normal', weight=400, stretch='normal', size='scalable')) = 11.05
matplotlib.font_manager 2025-04-03 13:08:11,451 DEBUG findfont: score(FontEntry(fname='C:\\Windows\\Fonts\\ANTQUABI.TTF', name='Book Antiqua', style='italic', variant='normal', weight=700, stretch='normal', size='scalable')) = 11.335
matplotlib.font_manager 2025-04-03 13:08:11,451 DEBUG findfont: score(FontEntry(fname='C:\\Windows\\Fonts\\comicz.ttf', name='Comic Sans MS', style='italic', variant='normal', weight=700, stretch='normal', size='scalable')) = 11.335
matplotlib.font_manager 2025-04-03 13:08:11,451 DEBUG findfont: score(FontEntry(fname='C:\\Windows\\Fonts\\georgiai.ttf', name='Georgia', style='italic', variant='normal', weight=400, stretch='normal', size='scalable')) = 11.05
matplotlib.font_manager 2025-04-03 13:08:11,451 DEBUG findfont: score(FontEntry(fname='C:\\Windows\\Fonts\\TCBI____.TTF', name='Tw Cen MT', style='italic', variant='normal', weight=700, stretch='normal', size='scalable')) = 11.335
matplotlib.font_manager 2025-04-03 13:08:11,451 DEBUG findfont: score(FontEntry(fname='C:\\Windows\\Fonts\\PERTIBD.TTF', name='Perpetua Titling MT', style='normal', variant='normal', weight=700, stretch='normal', size='scalable')) = 10.335
matplotlib.font_manager 2025-04-03 13:08:11,451 DEBUG findfont: score(FontEntry(fname='C:\\Windows\\Fonts\\arialbd.ttf', name='Arial', style='normal', variant='normal', weight=700, stretch='normal', size='scalable')) = 6.698636363636363
matplotlib.font_manager 2025-04-03 13:08:11,451 DEBUG findfont: score(FontEntry(fname='C:\\Windows\\Fonts\\FRABKIT.TTF', name='Franklin Gothic Book', style='italic', variant='normal', weight=400, stretch='normal', size='scalable')) = 11.05
matplotlib.font_manager 2025-04-03 13:08:11,451 DEBUG findfont: score(FontEntry(fname='C:\\Windows\\Fonts\\BRADHITC.TTF', name='Bradley Hand ITC', style='normal', variant='normal', weight=400, stretch='normal', size='scalable')) = 10.05
matplotlib.font_manager 2025-04-03 13:08:11,451 DEBUG findfont: score(FontEntry(fname='C:\\Windows\\Fonts\\malgunsl.ttf', name='Malgun Gothic', style='normal', variant='normal', weight=300, stretch='normal', size='scalable')) = 10.145
matplotlib.font_manager 2025-04-03 13:08:11,452 DEBUG findfont: score(FontEntry(fname='C:\\Windows\\Fonts\\calibril.ttf', name='Calibri', style='normal', variant='normal', weight=300, stretch='normal', size='scalable')) = 10.145
matplotlib.font_manager 2025-04-03 13:08:11,452 DEBUG findfont: score(FontEntry(fname='C:\\Windows\\Fonts\\BERNHC.TTF', name='Bernard MT Condensed', style='normal', variant='normal', weight=400, stretch='condensed', size='scalable')) = 10.25
matplotlib.font_manager 2025-04-03 13:08:11,452 DEBUG findfont: score(FontEntry(fname='C:\\Windows\\Fonts\\ITCBLKAD.TTF', name='Blackadder ITC', style='normal', variant='normal', weight=400, stretch='normal', size='scalable')) = 10.05
matplotlib.font_manager 2025-04-03 13:08:11,452 DEBUG findfont: score(FontEntry(fname='C:\\Windows\\Fonts\\phagspab.ttf', name='Microsoft PhagsPa', style='normal', variant='normal', weight=700, stretch='normal', size='scalable')) = 10.335
matplotlib.font_manager 2025-04-03 13:08:11,452 DEBUG findfont: score(FontEntry(fname='C:\\Windows\\Fonts\\CALISTB.TTF', name='Calisto MT', style='normal', variant='normal', weight=700, stretch='normal', size='scalable')) = 10.335
matplotlib.font_manager 2025-04-03 13:08:11,452 DEBUG findfont: score(FontEntry(fname='C:\\Windows\\Fonts\\BOOKOSBI.TTF', name='Bookman Old Style', style='italic', variant='normal', weight=600, stretch='normal', size='scalable')) = 11.24
matplotlib.font_manager 2025-04-03 13:08:11,452 DEBUG findfont: score(FontEntry(fname='C:\\Windows\\Fonts\\GILLUBCD.TTF', name='Gill Sans Ultra Bold Condensed', style='normal', variant='normal', weight=400, stretch='condensed', size='scalable')) = 10.25
matplotlib.font_manager 2025-04-03 13:08:11,452 DEBUG findfont: score(FontEntry(fname='C:\\Windows\\Fonts\\FREESCPT.TTF', name='Freestyle Script', style='normal', variant='normal', weight=400, stretch='normal', size='scalable')) = 10.05
matplotlib.font_manager 2025-04-03 13:08:11,452 DEBUG findfont: score(FontEntry(fname='C:\\Windows\\Fonts\\Candara.ttf', name='Candara', style='normal', variant='normal', weight=400, stretch='normal', size='scalable')) = 10.05
matplotlib.font_manager 2025-04-03 13:08:11,452 DEBUG findfont: score(FontEntry(fname='C:\\Windows\\Fonts\\BOOKOSI.TTF', name='Bookman Old Style', style='italic', variant='normal', weight=300, stretch='normal', size='scalable')) = 11.145
matplotlib.font_manager 2025-04-03 13:08:11,452 DEBUG findfont: score(FontEntry(fname='C:\\Windows\\Fonts\\KUNSTLER.TTF', name='Kunstler Script', style='normal', variant='normal', weight=400, stretch='normal', size='scalable')) = 10.05
matplotlib.font_manager 2025-04-03 13:08:11,452 DEBUG findfont: score(FontEntry(fname='C:\\Windows\\Fonts\\simsun.ttc', name='SimSun', style='normal', variant='normal', weight=400, stretch='normal', size='scalable')) = 10.05
matplotlib.font_manager 2025-04-03 13:08:11,452 DEBUG findfont: score(FontEntry(fname='C:\\Windows\\Fonts\\malgunbd.ttf', name='Malgun Gothic', style='normal', variant='normal', weight=700, stretch='normal', size='scalable')) = 10.335
matplotlib.font_manager 2025-04-03 13:08:11,452 DEBUG findfont: score(FontEntry(fname='C:\\Windows\\Fonts\\GILSANUB.TTF', name='Gill Sans Ultra Bold', style='normal', variant='normal', weight=400, stretch='normal', size='scalable')) = 10.05
matplotlib.font_manager 2025-04-03 13:08:11,452 DEBUG findfont: score(FontEntry(fname='C:\\Windows\\Fonts\\GOTHICBI.TTF', name='Century Gothic', style='italic', variant='normal', weight=700, stretch='normal', size='scalable')) = 11.335
matplotlib.font_manager 2025-04-03 13:08:11,452 DEBUG findfont: score(FontEntry(fname='C:\\Windows\\Fonts\\ALGER.TTF', name='Algerian', style='normal', variant='normal', weight=400, stretch='normal', size='scalable')) = 10.05
matplotlib.font_manager 2025-04-03 13:08:11,452 DEBUG findfont: score(FontEntry(fname='C:\\Windows\\Fonts\\CALIFI.TTF', name='Californian FB', style='italic', variant='normal', weight=400, stretch='normal', size='scalable')) = 11.05
matplotlib.font_manager 2025-04-03 13:08:11,452 DEBUG findfont: score(FontEntry(fname='C:\\Windows\\Fonts\\SitkaVF.ttf', name='Sitka', style='normal', variant='normal', weight=400, stretch='normal', size='scalable')) = 10.05
matplotlib.font_manager 2025-04-03 13:08:11,452 DEBUG findfont: score(FontEntry(fname='C:\\Windows\\Fonts\\YuGothB.ttc', name='Yu Gothic', style='normal', variant='normal', weight=700, stretch='normal', size='scalable')) = 10.335
matplotlib.font_manager 2025-04-03 13:08:11,452 DEBUG findfont: score(FontEntry(fname='C:\\Windows\\Fonts\\BRITANIC.TTF', name='Britannic Bold', style='normal', variant='normal', weight=400, stretch='normal', size='scalable')) = 10.05
matplotlib.font_manager 2025-04-03 13:08:11,452 DEBUG findfont: score(FontEntry(fname='C:\\Windows\\Fonts\\seguisym.ttf', name='Segoe UI Symbol', style='normal', variant='normal', weight=400, stretch='normal', size='scalable')) = 10.05
matplotlib.font_manager 2025-04-03 13:08:11,452 DEBUG findfont: score(FontEntry(fname='C:\\Windows\\Fonts\\SCHLBKBI.TTF', name='Century Schoolbook', style='italic', variant='normal', weight=700, stretch='normal', size='scalable')) = 11.335
matplotlib.font_manager 2025-04-03 13:08:11,452 DEBUG findfont: score(FontEntry(fname='C:\\Windows\\Fonts\\GOTHICB.TTF', name='Century Gothic', style='normal', variant='normal', weight=700, stretch='normal', size='scalable')) = 10.335
matplotlib.font_manager 2025-04-03 13:08:11,452 DEBUG findfont: score(FontEntry(fname='C:\\Windows\\Fonts\\PERBI___.TTF', name='Perpetua', style='italic', variant='normal', weight=700, stretch='normal', size='scalable')) = 11.335
matplotlib.font_manager 2025-04-03 13:08:11,452 DEBUG findfont: score(FontEntry(fname='C:\\Windows\\Fonts\\verdanaz.ttf', name='Verdana', style='italic', variant='normal', weight=700, stretch='normal', size='scalable')) = 4.971363636363637
matplotlib.font_manager 2025-04-03 13:08:11,453 DEBUG findfont: score(FontEntry(fname='C:\\Windows\\Fonts\\HATTEN.TTF', name='Haettenschweiler', style='normal', variant='normal', weight=400, stretch='normal', size='scalable')) = 10.05
matplotlib.font_manager 2025-04-03 13:08:11,453 DEBUG findfont: score(FontEntry(fname='C:\\Windows\\Fonts\\PERB____.TTF', name='Perpetua', style='normal', variant='normal', weight=700, stretch='normal', size='scalable')) = 10.335
matplotlib.font_manager 2025-04-03 13:08:11,453 DEBUG findfont: score(FontEntry(fname='C:\\Windows\\Fonts\\OUTLOOK.TTF', name='MS Outlook', style='normal', variant='normal', weight=400, stretch='normal', size='scalable')) = 10.05
matplotlib.font_manager 2025-04-03 13:08:11,453 DEBUG findfont: score(FontEntry(fname='C:\\Windows\\Fonts\\DUBAI-MEDIUM.TTF', name='Dubai', style='normal', variant='normal', weight=500, stretch='normal', size='scalable')) = 10.145
matplotlib.font_manager 2025-04-03 13:08:11,453 DEBUG findfont: score(FontEntry(fname='C:\\Windows\\Fonts\\CENSCBK.TTF', name='Century Schoolbook', style='normal', variant='normal', weight=400, stretch='normal', size='scalable')) = 10.05
matplotlib.font_manager 2025-04-03 13:08:11,453 DEBUG findfont: score(FontEntry(fname='C:\\Windows\\Fonts\\INFROMAN.TTF', name='Informal Roman', style='normal', variant='normal', weight=400, stretch='normal', size='scalable')) = 10.05
matplotlib.font_manager 2025-04-03 13:08:11,453 DEBUG findfont: score(FontEntry(fname='C:\\Windows\\Fonts\\MAGNETOB.TTF', name='Magneto', style='normal', variant='normal', weight=700, stretch='normal', size='scalable')) = 10.335
matplotlib.font_manager 2025-04-03 13:08:11,453 DEBUG findfont: score(FontEntry(fname='C:\\Windows\\Fonts\\PERTILI.TTF', name='Perpetua Titling MT', style='normal', variant='normal', weight=300, stretch='normal', size='scalable')) = 10.145
matplotlib.font_manager 2025-04-03 13:08:11,453 DEBUG findfont: score(FontEntry(fname='C:\\Windows\\Fonts\\BASKVILL.TTF', name='Baskerville Old Face', style='normal', variant='normal', weight=400, stretch='normal', size='scalable')) = 10.05
matplotlib.font_manager 2025-04-03 13:08:11,453 DEBUG findfont: score(FontEntry(fname='C:\\Windows\\Fonts\\gadugi.ttf', name='Gadugi', style='normal', variant='normal', weight=400, stretch='normal', size='scalable')) = 10.05
matplotlib.font_manager 2025-04-03 13:08:11,453 DEBUG findfont: score(FontEntry(fname='C:\\Windows\\Fonts\\framd.ttf', name='Franklin Gothic Medium', style='normal', variant='normal', weight=400, stretch='normal', size='scalable')) = 10.05
matplotlib.font_manager 2025-04-03 13:08:11,453 DEBUG findfont: score(FontEntry(fname='C:\\Windows\\Fonts\\cambriaz.ttf', name='Cambria', style='italic', variant='normal', weight=700, stretch='normal', size='scalable')) = 11.335
matplotlib.font_manager 2025-04-03 13:08:11,453 DEBUG findfont: score(FontEntry(fname='C:\\Windows\\Fonts\\calibrii.ttf', name='Calibri', style='italic', variant='normal', weight=400, stretch='normal', size='scalable')) = 11.05
matplotlib.font_manager 2025-04-03 13:08:11,453 DEBUG findfont: score(FontEntry(fname='C:\\Windows\\Fonts\\calibrili.ttf', name='Calibri', style='italic', variant='normal', weight=300, stretch='normal', size='scalable')) = 11.145
matplotlib.font_manager 2025-04-03 13:08:11,453 DEBUG findfont: score(FontEntry(fname='C:\\Windows\\Fonts\\FRAHVIT.TTF', name='Franklin Gothic Heavy', style='italic', variant='normal', weight=400, stretch='normal', size='scalable')) = 11.05
matplotlib.font_manager 2025-04-03 13:08:11,453 DEBUG findfont: score(FontEntry(fname='C:\\Windows\\Fonts\\ITCKRIST.TTF', name='Kristen ITC', style='normal', variant='normal', weight=400, stretch='normal', size='scalable')) = 10.05
matplotlib.font_manager 2025-04-03 13:08:11,453 DEBUG findfont: score(FontEntry(fname='C:\\Windows\\Fonts\\TCCM____.TTF', name='Tw Cen MT Condensed', style='normal', variant='normal', weight=400, stretch='condensed', size='scalable')) = 10.25
matplotlib.font_manager 2025-04-03 13:08:11,453 DEBUG findfont: score(FontEntry(fname='C:\\Windows\\Fonts\\JUICE___.TTF', name='Juice ITC', style='normal', variant='normal', weight=400, stretch='normal', size='scalable')) = 10.05
matplotlib.font_manager 2025-04-03 13:08:11,453 DEBUG findfont: score(FontEntry(fname='C:\\Windows\\Fonts\\FRADMCN.TTF', name='Franklin Gothic Demi Cond', style='normal', variant='normal', weight=400, stretch='condensed', size='scalable')) = 10.25
matplotlib.font_manager 2025-04-03 13:08:11,453 DEBUG findfont: score(FontEntry(fname='C:\\Windows\\Fonts\\CHILLER.TTF', name='Chiller', style='normal', variant='normal', weight=400, stretch='normal', size='scalable')) = 10.05
matplotlib.font_manager 2025-04-03 13:08:11,453 DEBUG findfont: score(FontEntry(fname='C:\\Windows\\Fonts\\MTEXTRA.TTF', name='MT Extra', style='normal', variant='normal', weight=400, stretch='normal', size='scalable')) = 10.05
matplotlib.font_manager 2025-04-03 13:08:11,453 DEBUG findfont: score(FontEntry(fname='C:\\Windows\\Fonts\\bahnschrift.ttf', name='Bahnschrift', style='normal', variant='normal', weight=400, stretch='normal', size='scalable')) = 10.05
matplotlib.font_manager 2025-04-03 13:08:11,453 DEBUG findfont: score(FontEntry(fname='C:\\Windows\\Fonts\\BROADW.TTF', name='Broadway', style='normal', variant='normal', weight=400, stretch='normal', size='scalable')) = 10.05
matplotlib.font_manager 2025-04-03 13:08:11,453 DEBUG findfont: score(FontEntry(fname='C:\\Windows\\Fonts\\cambria.ttc', name='Cambria', style='normal', variant='normal', weight=400, stretch='normal', size='scalable')) = 10.05
matplotlib.font_manager 2025-04-03 13:08:11,453 DEBUG findfont: score(FontEntry(fname='C:\\Windows\\Fonts\\constani.ttf', name='Constantia', style='italic', variant='normal', weight=400, stretch='normal', size='scalable')) = 11.05
matplotlib.font_manager 2025-04-03 13:08:11,453 DEBUG findfont: score(FontEntry(fname='C:\\Windows\\Fonts\\ROCKI.TTF', name='Rockwell', style='italic', variant='normal', weight=400, stretch='normal', size='scalable')) = 11.05
matplotlib.font_manager 2025-04-03 13:08:11,454 DEBUG findfont: score(FontEntry(fname='C:\\Windows\\Fonts\\MATURASC.TTF', name='Matura MT Script Capitals', style='normal', variant='normal', weight=400, stretch='normal', size='scalable')) = 10.05
matplotlib.font_manager 2025-04-03 13:08:11,454 DEBUG findfont: score(FontEntry(fname='C:\\Windows\\Fonts\\msjh.ttc', name='Microsoft JhengHei', style='normal', variant='normal', weight=400, stretch='normal', size='scalable')) = 10.05
matplotlib.font_manager 2025-04-03 13:08:11,454 DEBUG findfont: score(FontEntry(fname='C:\\Windows\\Fonts\\CENTAUR.TTF', name='Centaur', style='normal', variant='normal', weight=400, stretch='normal', size='scalable')) = 10.05
matplotlib.font_manager 2025-04-03 13:08:11,454 DEBUG findfont: score(FontEntry(fname='C:\\Windows\\Fonts\\COOPBL.TTF', name='Cooper Black', style='normal', variant='normal', weight=400, stretch='normal', size='scalable')) = 10.05
matplotlib.font_manager 2025-04-03 13:08:11,454 DEBUG findfont: score(FontEntry(fname='C:\\Windows\\Fonts\\GILB____.TTF', name='Gill Sans MT', style='normal', variant='normal', weight=700, stretch='normal', size='scalable')) = 10.335
matplotlib.font_manager 2025-04-03 13:08:11,454 DEBUG findfont: score(FontEntry(fname='C:\\Windows\\Fonts\\MTCORSVA.TTF', name='Monotype Corsiva', style='normal', variant='normal', weight=400, stretch='normal', size='scalable')) = 10.05
matplotlib.font_manager 2025-04-03 13:08:11,454 DEBUG findfont: score(FontEntry(fname='C:\\Windows\\Fonts\\LTYPEB.TTF', name='Lucida Sans Typewriter', style='normal', variant='normal', weight=600, stretch='normal', size='scalable')) = 10.24
matplotlib.font_manager 2025-04-03 13:08:11,454 DEBUG findfont: score(FontEntry(fname='C:\\Windows\\Fonts\\ROCCB___.TTF', name='Rockwell Condensed', style='normal', variant='normal', weight=700, stretch='condensed', size='scalable')) = 10.535
matplotlib.font_manager 2025-04-03 13:08:11,454 DEBUG findfont: score(FontEntry(fname='C:\\Windows\\Fonts\\mingliub.ttc', name='MingLiU-ExtB', style='normal', variant='normal', weight=400, stretch='normal', size='scalable')) = 10.05
matplotlib.font_manager 2025-04-03 13:08:11,454 DEBUG findfont: score(FontEntry(fname='C:\\Windows\\Fonts\\ROCKEB.TTF', name='Rockwell Extra Bold', style='normal', variant='normal', weight=800, stretch='normal', size='scalable')) = 10.43
matplotlib.font_manager 2025-04-03 13:08:11,454 DEBUG findfont: score(FontEntry(fname='C:\\Windows\\Fonts\\COPRGTL.TTF', name='Copperplate Gothic Light', style='normal', variant='normal', weight=400, stretch='normal', size='scalable')) = 10.05
matplotlib.font_manager 2025-04-03 13:08:11,454 DEBUG findfont: score(FontEntry(fname='C:\\Windows\\Fonts\\arialbi.ttf', name='Arial', style='italic', variant='normal', weight=700, stretch='normal', size='scalable')) = 7.698636363636363
matplotlib.font_manager 2025-04-03 13:08:11,454 DEBUG findfont: score(FontEntry(fname='C:\\Windows\\Fonts\\TCCEB.TTF', name='Tw Cen MT Condensed Extra Bold', style='normal', variant='normal', weight=400, stretch='condensed', size='scalable')) = 10.25
matplotlib.font_manager 2025-04-03 13:08:11,454 DEBUG findfont: score(FontEntry(fname='C:\\Windows\\Fonts\\ERASDEMI.TTF', name='Eras Demi ITC', style='normal', variant='normal', weight=400, stretch='normal', size='scalable')) = 10.05
matplotlib.font_manager 2025-04-03 13:08:11,454 DEBUG findfont: score(FontEntry(fname='C:\\Windows\\Fonts\\corbell.ttf', name='Corbel', style='normal', variant='normal', weight=300, stretch='normal', size='scalable')) = 10.145
matplotlib.font_manager 2025-04-03 13:08:11,454 DEBUG findfont: score(FontEntry(fname='C:\\Windows\\Fonts\\Nirmala.ttf', name='Nirmala UI', style='normal', variant='normal', weight=400, stretch='normal', size='scalable')) = 10.05
matplotlib.font_manager 2025-04-03 13:08:11,454 DEBUG findfont: score(FontEntry(fname='C:\\Windows\\Fonts\\impact.ttf', name='Impact', style='normal', variant='normal', weight=400, stretch='normal', size='scalable')) = 10.05
matplotlib.font_manager 2025-04-03 13:08:11,454 DEBUG findfont: score(FontEntry(fname='C:\\Windows\\Fonts\\GOUDYSTO.TTF', name='Goudy Stout', style='normal', variant='normal', weight=400, stretch='normal', size='scalable')) = 10.05
matplotlib.font_manager 2025-04-03 13:08:11,454 DEBUG findfont: score(FontEntry(fname='C:\\Windows\\Fonts\\Candarali.ttf', name='Candara', style='italic', variant='normal', weight=400, stretch='normal', size='scalable')) = 11.05
matplotlib.font_manager 2025-04-03 13:08:11,454 DEBUG findfont: score(FontEntry(fname='C:\\Windows\\Fonts\\consola.ttf', name='Consolas', style='normal', variant='normal', weight=400, stretch='normal', size='scalable')) = 10.05
matplotlib.font_manager 2025-04-03 13:08:11,454 DEBUG findfont: score(FontEntry(fname='C:\\Windows\\Fonts\\MISTRAL.TTF', name='Mistral', style='normal', variant='normal', weight=400, stretch='normal', size='scalable')) = 10.05
matplotlib.font_manager 2025-04-03 13:08:11,454 DEBUG findfont: score(FontEntry(fname='C:\\Windows\\Fonts\\trebucit.ttf', name='Trebuchet MS', style='italic', variant='normal', weight=400, stretch='normal', size='scalable')) = 11.05
matplotlib.font_manager 2025-04-03 13:08:11,454 DEBUG findfont: score(FontEntry(fname='C:\\Windows\\Fonts\\VIVALDII.TTF', name='Vivaldi', style='italic', variant='normal', weight=400, stretch='normal', size='scalable')) = 11.05
matplotlib.font_manager 2025-04-03 13:08:11,454 DEBUG findfont: score(FontEntry(fname='C:\\Windows\\Fonts\\consolab.ttf', name='Consolas', style='normal', variant='normal', weight=700, stretch='normal', size='scalable')) = 10.335
matplotlib.font_manager 2025-04-03 13:08:11,454 DEBUG findfont: score(FontEntry(fname='C:\\Windows\\Fonts\\CALIFR.TTF', name='Californian FB', style='normal', variant='normal', weight=400, stretch='normal', size='scalable')) = 10.05
matplotlib.font_manager 2025-04-03 13:08:11,454 DEBUG findfont: Matching sans\-serif:style=normal:variant=normal:weight=normal:stretch=normal:size=10.0 to DejaVu Sans ('C:\\Users\\STO_Dev\\AppData\\Local\\Programs\\Python\\Python313\\Lib\\site-packages\\matplotlib\\mpl-data\\fonts\\ttf\\DejaVuSans.ttf') with score of 0.050000.
__main__ 2025-04-03 13:08:11,460 DEBUG Added plot area to Monitoring tab
__main__ 2025-04-03 13:08:11,460 DEBUG Processing tab: Utility
__main__ 2025-04-03 13:08:11,463 DEBUG Creating button for System Info with text: \u2139\ufe0f System Info
__main__ 2025-04-03 13:08:11,465 DEBUG Creating button for Clear Temp Files with text: \U0001f9f9 Clear Temp Files
__main__ 2025-04-03 13:08:11,473 DEBUG Creating button for List Users with text: \U0001f465 List Users
__main__ 2025-04-03 13:08:11,480 DEBUG Creating button for Check Disk Health with text: \U0001f4bf Check Disk Health
__main__ 2025-04-03 13:08:11,487 DEBUG Creating button for List Environment Vars with text: \U0001f30d List Environment Vars
__main__ 2025-04-03 13:08:11,494 DEBUG Creating button for File Permissions Viewer with text: \U0001f510 File Permissions Viewer
__main__ 2025-04-03 13:08:11,496 DEBUG Creating button for Registry Manager with text: \U0001f4c2 Registry Manager
__main__ 2025-04-03 13:08:11,498 DEBUG Creating button for Shortcut Creator with text: \U0001f517 Shortcut Creator
__main__ 2025-04-03 13:08:11,508 DEBUG Creating button for Recycle Bin Manager with text: \u267b\ufe0f Recycle Bin Manager
__main__ 2025-04-03 13:08:11,509 DEBUG Creating button for File Integrity Checker with text: \u2714\ufe0f File Integrity Checker
__main__ 2025-04-03 13:08:11,513 DEBUG Creating button for Text Encoder/Decoder with text: \U0001f4dd Text Encoder/Decoder
__main__ 2025-04-03 13:08:11,520 DEBUG Creating button for Screen Capture Tool with text: \U0001f4f8 Screen Capture Tool
__main__ 2025-04-03 13:08:11,527 DEBUG Creating button for PDF Merger with text: \U0001f4c4 PDF Merger
__main__ 2025-04-03 13:08:11,534 DEBUG Creating button for Startup Optimizer with text: \u26a1 Startup Optimizer
__main__ 2025-04-03 13:08:11,535 DEBUG Creating button for Folder Sync with text: \U0001f504 Folder Sync
__main__ 2025-04-03 13:08:11,542 DEBUG Creating button for Duplicate File Finder with text: \U0001f4c2 Duplicate File Finder
__main__ 2025-04-03 13:08:11,544 DEBUG Creating button for File Recovery Tool with text: \U0001f504 File Recovery Tool
__main__ 2025-04-03 13:08:11,546 DEBUG Creating button for System Tray Manager with text: \U0001f5a5\ufe0f System Tray Manager
__main__ 2025-04-03 13:08:11,548 DEBUG Creating button for Clipboard Manager with text: \U0001f4cb Clipboard Manager
__main__ 2025-04-03 13:08:11,550 DEBUG Creating button for Batch File Renamer with text: \u270f\ufe0f Batch File Renamer
__main__ 2025-04-03 13:08:11,552 DEBUG Added 20 buttons to Utility tab
__main__ 2025-04-03 13:08:11,552 DEBUG Processing tab: Network
__main__ 2025-04-03 13:08:11,554 DEBUG Creating button for Network Monitor with text: \U0001f310 Network Monitor
__main__ 2025-04-03 13:08:11,556 DEBUG Creating button for Port Scanner with text: \U0001f50e Port Scanner
__main__ 2025-04-03 13:08:11,563 DEBUG Creating button for Wi-Fi Analyzer with text: \U0001f4f6 Wi-Fi Analyzer
__main__ 2025-04-03 13:08:11,570 DEBUG Creating button for DNS Resolver with text: \U0001f310 DNS Resolver
__main__ 2025-04-03 13:08:11,571 DEBUG Creating button for Packet Sniffer with text: \U0001f4e1 Packet Sniffer
__main__ 2025-04-03 13:08:11,579 DEBUG Creating button for Bandwidth Limiter with text: \U0001f4cf Bandwidth Limiter
__main__ 2025-04-03 13:08:11,588 DEBUG Added 6 buttons to Network tab
__main__ 2025-04-03 13:08:11,588 DEBUG Processing tab: Backup
__main__ 2025-04-03 13:08:11,590 DEBUG Creating button for Backup Manager with text: \U0001f4be Backup Manager
__main__ 2025-04-03 13:08:11,592 DEBUG Creating button for Backup Verifier with text: \u2714\ufe0f Backup Verifier
__main__ 2025-04-03 13:08:11,594 DEBUG Creating button for Backup Scheduler with text: \u23f0 Backup Scheduler
__main__ 2025-04-03 13:08:11,596 DEBUG Creating button for Differential Backup Tool with text: \U0001f504 Differential Backup Tool
__main__ 2025-04-03 13:08:11,597 DEBUG Creating button for Backup Encryption Key Manager with text: \U0001f511 Backup Encryption Key Manager
__main__ 2025-04-03 13:08:11,599 DEBUG Creating button for Cloud Backup Uploader with text: \u2601\ufe0f Cloud Backup Uploader
__main__ 2025-04-03 13:08:11,601 DEBUG Creating button for Shadow Copy Manager with text: \U0001f4cc Shadow Copy Manager
__main__ 2025-04-03 13:08:11,607 DEBUG Added 7 buttons to Backup tab
__main__ 2025-04-03 13:08:11,608 DEBUG Processing tab: Advanced
__main__ 2025-04-03 13:08:11,610 DEBUG Creating button for System Control with text: \U0001f504 System Control
__main__ 2025-04-03 13:08:11,612 DEBUG Creating button for DNS Cache Cleaner with text: \U0001f9f9 DNS Cache Cleaner
__main__ 2025-04-03 13:08:11,613 DEBUG Creating button for Driver Manager with text: \U0001f697 Driver Manager
__main__ 2025-04-03 13:08:11,620 DEBUG Creating button for Boot Manager with text: \U0001f97e Boot Manager
__main__ 2025-04-03 13:08:11,628 DEBUG Creating button for Sys Info Export with text: \U0001f4e4 Sys Info Export
__main__ 2025-04-03 13:08:11,629 DEBUG Creating button for BIOS Info with text: \U0001f5a5\ufe0f BIOS Info
__main__ 2025-04-03 13:08:11,631 DEBUG Creating button for Remote Desktop Toggle with text: \U0001f5a5\ufe0f Remote Desktop Toggle
__main__ 2025-04-03 13:08:11,633 DEBUG Creating button for Power Plan Manager with text: \u26a1 Power Plan Manager
__main__ 2025-04-03 13:08:11,634 DEBUG Creating button for Command History with text: \U0001f4dc Command History
__main__ 2025-04-03 13:08:11,641 DEBUG Creating button for Group Policy Viewer with text: \U0001f4cb Group Policy Viewer
__main__ 2025-04-03 13:08:11,643 DEBUG Creating button for Task Kill By Name with text: \u274c Task Kill By Name
__main__ 2025-04-03 13:08:11,646 DEBUG Creating button for Windows Feature Manager with text: \U0001f6e0\ufe0f Windows Feature Manager
__main__ 2025-04-03 13:08:11,648 DEBUG Creating button for Multi-Monitor Config with text: \U0001f5a5\ufe0f Multi-Monitor Config
__main__ 2025-04-03 13:08:11,650 DEBUG Creating button for System Restore Point Creator with text: \U0001f519 System Restore Point Creator
__main__ 2025-04-03 13:08:11,657 DEBUG Creating button for Event Log Cleaner with text: \U0001f9f9 Event Log Cleaner
__main__ 2025-04-03 13:08:11,659 DEBUG Creating button for Driver Verifier with text: \U0001f6a6 Driver Verifier
__main__ 2025-04-03 13:08:11,665 DEBUG Creating button for System File Checker with text: \U0001f6e0\ufe0f System File Checker
__main__ 2025-04-03 13:08:11,667 DEBUG Creating button for Performance Benchmark with text: \U0001f3c1 Performance Benchmark
__main__ 2025-04-03 13:08:11,685 DEBUG Creating button for Secure Boot Policy Editor with text: \U0001f510\u2705 Secure Boot Policy Editor
__main__ 2025-04-03 13:08:11,687 DEBUG Creating button for Network Packet Entropy Analyzer with text: \U0001f4e1\U0001f50d Network Packet Entropy Analyzer
__main__ 2025-04-03 13:08:11,689 DEBUG Creating button for Browser Password Extractor with text: \U0001f310\U0001f511 Browser Password Extractor
__main__ 2025-04-03 13:08:11,691 DEBUG Creating button for Windows Credential Manager Extractor with text: \U0001f5a5\ufe0f\U0001f511 Windows Credential Manager Extractor
__main__ 2025-04-03 13:08:11,693 DEBUG Creating button for Unified Password Aggregator with text: \U0001f4cb\U0001f511 Unified Password Aggregator
__main__ 2025-04-03 13:08:11,694 DEBUG Added 23 buttons to Advanced tab
__main__ 2025-04-03 13:08:11,694 DEBUG Processing tab: IT Support
__main__ 2025-04-03 13:08:11,697 DEBUG Creating button for Event Log Manager with text: \U0001f4c5 Event Log Manager
__main__ 2025-04-03 13:08:11,704 DEBUG Creating button for Scheduled Task Manager with text: \u23f3 Scheduled Task Manager
__main__ 2025-04-03 13:08:11,705 DEBUG Creating button for Remote Assistance Tool with text: \U0001f5a5\ufe0f Remote Assistance Tool
__main__ 2025-04-03 13:08:11,707 DEBUG Creating button for User Account Manager with text: \U0001f465 User Account Manager
__main__ 2025-04-03 13:08:11,709 DEBUG Creating button for System Diagnostic Report with text: \U0001f4c8 System Diagnostic Report
__main__ 2025-04-03 13:08:11,710 DEBUG Creating button for Service Dependency Viewer with text: \U0001f517 Service Dependency Viewer
__main__ 2025-04-03 13:08:11,712 DEBUG Creating button for Hardware Inventory Tool with text: \U0001f5a5\ufe0f Hardware Inventory Tool
__main__ 2025-04-03 13:08:11,714 DEBUG Added 7 buttons to IT Support tab
__main__ 2025-04-03 13:08:11,714 DEBUG GUI setup completed successfully
__main__ 2025-04-03 13:08:11,714 DEBUG GUI setup completed
__main__ 2025-04-03 13:08:11,714 DEBUG Starting background task thread
__main__ 2025-04-03 13:08:11,715 DEBUG Entering task queue processing loop
__main__ 2025-04-03 13:08:11,715 DEBUG Background tasks started
__main__ 2025-04-03 13:08:11,715 DEBUG Starting mainloop
__main__ 2025-04-03 13:08:15,987 DEBUG Closing application
__main__ 2025-04-03 13:08:15,988 DEBUG Saving favorites
__main__ 2025-04-03 13:08:16,149 INFO Application fully terminated.
comtypes._post_coinit.unknwn 2025-04-03 13:08:16,150 DEBUG Calling CoUninitialize()
comtypes._post_coinit.unknwn 2025-04-03 13:08:16,150 DEBUG CoUninitialize() done.
